Datetime,Temp,EC
6/23/18 18:00,2.78,20
6/23/18 19:00,2.27,20.4
6/23/18 20:00,1.78,20.1
6/23/18 21:00,1.4,20.4
6/23/18 22:00,1.12,20.5
6/23/18 23:00,0.95,20.7
6/24/18 0:00,0.76,20.4
6/24/18 1:00,0.62,20.5
6/24/18 2:00,0.51,20.6
6/24/18 3:00,0.46,20.6
6/24/18 4:00,0.34,20.9
6/24/18 5:00,0.3,20.9
6/24/18 6:00,0.32,21.1
6/24/18 7:00,0.25,20.9
6/24/18 8:00,0.18,21.4
6/24/18 9:00,0.77,21.1
6/24/18 10:00,1.47,21.2
6/24/18 11:00,2.19,21.1
6/24/18 12:00,3.84,21.3
6/24/18 13:00,5.08,21.3
6/24/18 14:00,6.08,21.2
6/24/18 15:00,6.71,20.8
6/24/18 16:00,6.78,20.5
6/24/18 17:00,5.98,20.1
6/24/18 18:00,4.95,19.4
6/24/18 19:00,3.83,19.1
6/24/18 20:00,2.93,19.1
6/24/18 21:00,2.32,19.3
6/24/18 22:00,1.88,19.5
6/24/18 23:00,1.51,19.4
6/25/18 0:00,1.22,19.2
6/25/18 1:00,1,19.1
6/25/18 2:00,0.84,19
6/25/18 3:00,0.77,19.3
6/25/18 4:00,0.79,19.3
6/25/18 5:00,0.8,19.4
6/25/18 6:00,0.71,19.3
6/25/18 7:00,0.56,19.4
6/25/18 8:00,0.47,19.5
6/25/18 9:00,1.09,19.5
6/25/18 10:00,1.74,19.6
6/25/18 11:00,2.94,19.4
6/25/18 12:00,4.46,19.5
6/25/18 13:00,5.57,19.4
6/25/18 14:00,6.34,19.1
6/25/18 15:00,6.66,18.6
6/25/18 16:00,6.18,17.9
6/25/18 17:00,5.61,17.1
6/25/18 18:00,4.83,16.5
6/25/18 19:00,3.72,16.4
6/25/18 20:00,2.24,16.3
6/25/18 21:00,1.69,16.4
6/25/18 22:00,1.36,16.2
6/25/18 23:00,1.12,16.1
6/26/18 0:00,1.01,16
6/26/18 1:00,1.05,16
6/26/18 2:00,1.03,16
6/26/18 3:00,1.05,16.1
6/26/18 4:00,1.08,16.1
6/26/18 5:00,1.09,16.3
6/26/18 6:00,1.12,16.5
6/26/18 7:00,1.1,16.5
6/26/18 8:00,1.1,16.5
6/26/18 9:00,1.71,16.4
6/26/18 10:00,2.25,16.6
6/26/18 11:00,3.6,16.5
6/26/18 12:00,4.78,16.5
6/26/18 13:00,5.53,16
6/26/18 14:00,5.93,15.5
6/26/18 15:00,5.84,14.9
6/26/18 16:00,5.07,14.1
6/26/18 17:00,4.54,13.7
6/26/18 18:00,3.48,13.4
6/26/18 19:00,2.25,13.2
6/26/18 20:00,1.45,13
6/26/18 21:00,0.99,13
6/26/18 22:00,0.91,13
6/26/18 23:00,0.81,13.3
6/27/18 0:00,0.8,13.1
6/27/18 1:00,0.76,13.3
6/27/18 2:00,0.67,13.1
6/27/18 3:00,0.55,13.6
6/27/18 4:00,0.5,13.8
6/27/18 5:00,0.46,13.8
6/27/18 6:00,0.44,14
6/27/18 7:00,0.4,14
6/27/18 8:00,0.42,14
6/27/18 9:00,1.01,14.3
6/27/18 10:00,1.59,14.4
6/27/18 11:00,3.11,14.3
6/27/18 12:00,4.13,14.2
6/27/18 13:00,4.89,14.2
6/27/18 14:00,5.3,14
6/27/18 15:00,5.37,13.8
6/27/18 16:00,5.2,13.4
6/27/18 17:00,4.75,13.2
6/27/18 18:00,4.08,10.3
6/27/18 19:00,2.85,6.7
6/27/18 20:00,1.92,13
6/27/18 21:00,1.45,12.8
6/27/18 22:00,1.24,12.9
6/27/18 23:00,1.16,12.9
6/28/18 0:00,1.13,13
6/28/18 1:00,1.12,13.1
6/28/18 2:00,1.08,13.2
6/28/18 3:00,1,12.4
6/28/18 4:00,0.89,13.4
6/28/18 5:00,0.81,13.6
6/28/18 6:00,0.81,13.6
6/28/18 7:00,0.87,13.8
6/28/18 8:00,0.96,14
6/28/18 9:00,1.49,14.1
6/28/18 10:00,1.96,14.1
6/28/18 11:00,3.33,14.2
6/28/18 12:00,4.25,14.1
6/28/18 13:00,4.99,14.1
6/28/18 14:00,5.07,14.1
6/28/18 15:00,4.89,14
6/28/18 16:00,3.63,13.5
6/28/18 17:00,3.18,13.5
6/28/18 18:00,2.56,13.4
6/28/18 19:00,2.23,13.6
6/28/18 20:00,1.86,13.7
6/28/18 21:00,1.53,13.9
6/28/18 22:00,1.29,14
6/28/18 23:00,1.22,14
6/29/18 0:00,1.17,14
6/29/18 1:00,1.06,14.1
6/29/18 2:00,0.95,14.3
6/29/18 3:00,0.96,14.3
6/29/18 4:00,0.92,14.3
6/29/18 5:00,0.75,14.6
6/29/18 6:00,0.67,14.6
6/29/18 7:00,0.76,14.6
6/29/18 8:00,0.89,14.5
6/29/18 9:00,1.47,14.6
6/29/18 10:00,1.63,14.9
6/29/18 11:00,2.07,14.9
6/29/18 12:00,1.84,15
6/29/18 13:00,2.24,15.4
6/29/18 14:00,2.35,15.5
6/29/18 15:00,2.24,15.5
6/29/18 16:00,2.14,15.6
6/29/18 17:00,2.1,15.6
6/29/18 18:00,2.07,15.8
6/29/18 19:00,1.81,15.9
6/29/18 20:00,1.3,16.2
6/29/18 21:00,0.92,16.4
6/29/18 22:00,0.65,16.5
6/29/18 23:00,0.47,16.6
6/30/18 0:00,0.44,16.5
6/30/18 1:00,0.44,16.6
6/30/18 2:00,0.38,16.9
6/30/18 3:00,0.34,16.9
6/30/18 4:00,0.3,17.3
6/30/18 5:00,0.19,17.2
6/30/18 6:00,0.14,17.4
6/30/18 7:00,0.13,17.2
6/30/18 8:00,0.46,17.2
6/30/18 9:00,0.81,17.2
6/30/18 10:00,1.73,17.4
6/30/18 11:00,2.72,17.6
6/30/18 12:00,3.42,17.9
6/30/18 13:00,4.36,17.9
6/30/18 14:00,5.24,18
6/30/18 15:00,5.51,18
6/30/18 16:00,5.61,17.9
6/30/18 17:00,5.28,17.9
6/30/18 18:00,4.09,18.1
6/30/18 19:00,3.02,18
6/30/18 20:00,2.04,18.2
6/30/18 21:00,1.54,18.3
6/30/18 22:00,1.17,18.3
6/30/18 23:00,0.91,18.4
7/1/18 0:00,0.73,18.4
7/1/18 1:00,0.63,18.2
7/1/18 2:00,0.59,18.3
7/1/18 3:00,0.55,18.5
7/1/18 4:00,0.51,18.3
7/1/18 5:00,0.46,18.5
7/1/18 6:00,0.42,18.5
7/1/18 7:00,0.43,18.5
7/1/18 8:00,0.55,18.5
7/1/18 9:00,1.33,18.4
7/1/18 10:00,2.02,18.2
7/1/18 11:00,3.17,13.2
7/1/18 12:00,3.62,10.8
7/1/18 13:00,3.92,10.4
7/1/18 14:00,3.91,18.3
7/1/18 15:00,3.93,15.1
7/1/18 16:00,3.85,15.1
7/1/18 17:00,3.96,14.8
7/1/18 18:00,3.68,15
7/1/18 19:00,3.01,14
7/1/18 20:00,2.37,13.9
7/1/18 21:00,1.94,15
7/1/18 22:00,1.59,15.7
7/1/18 23:00,1.4,15.4
7/2/18 0:00,1.33,16
7/2/18 1:00,1.33,15.6
7/2/18 2:00,1.37,16.5
7/2/18 3:00,1.38,15.6
7/2/18 4:00,1.38,15.8
7/2/18 5:00,1.29,16
7/2/18 6:00,1.14,15.9
7/2/18 7:00,1.03,16.3
7/2/18 8:00,0.96,14.5
7/2/18 9:00,1.63,16.2
7/2/18 10:00,2.37,15.5
7/2/18 11:00,3.7,14
7/2/18 12:00,4.69,14.1
7/2/18 13:00,5.14,15.7
7/2/18 14:00,5.93,14.6
7/2/18 15:00,6.52,14.9
7/2/18 16:00,6.33,13.4
7/2/18 17:00,6.01,12.9
7/2/18 18:00,5.49,12.2
7/2/18 19:00,4.29,11.6
7/2/18 20:00,3.09,11.1
7/2/18 21:00,2.47,11.2
7/2/18 22:00,2.12,11.5
7/2/18 23:00,1.94,11.4
7/3/18 0:00,1.81,11
7/3/18 1:00,1.75,10.9
7/3/18 2:00,1.71,10.9
7/3/18 3:00,1.63,10.9
7/3/18 4:00,1.53,10.8
7/3/18 5:00,1.42,10.8
7/3/18 6:00,1.3,10.9
7/3/18 7:00,1.17,10.9
7/3/18 8:00,1.05,10.8
7/3/18 9:00,1.62,10.7
7/3/18 10:00,2.19,10.6
7/3/18 11:00,3.26,10.6
7/3/18 12:00,3.75,10.6
7/3/18 13:00,3.66,10.6
7/3/18 14:00,2.93,10.8
7/3/18 15:00,2.62,10.8
7/3/18 16:00,2.43,10.7
7/3/18 17:00,2.24,10.5
7/3/18 18:00,2.32,10.5
7/3/18 19:00,2.24,10.5
7/3/18 20:00,2.02,10.6
7/3/18 21:00,1.7,10.7
7/3/18 22:00,1.4,10.8
7/3/18 23:00,1.17,10.9
7/4/18 0:00,0.96,10.8
7/4/18 1:00,0.83,10.8
7/4/18 2:00,0.75,10.7
7/4/18 3:00,0.67,10.7
7/4/18 4:00,0.62,10.9
7/4/18 5:00,0.64,10.9
7/4/18 6:00,0.65,10.9
7/4/18 7:00,0.71,10.9
7/4/18 8:00,0.77,10.7
7/4/18 9:00,1.5,10.8
7/4/18 10:00,2.25,10.5
7/4/18 11:00,3.74,10.6
7/4/18 12:00,5.36,10.7
7/4/18 13:00,6.52,10.9
7/4/18 14:00,7.23,10.9
7/4/18 15:00,7.4,10.9
7/4/18 16:00,6.38,10.7
7/4/18 17:00,5.41,10.6
7/4/18 18:00,4.85,10.2
7/4/18 19:00,3.77,10.4
7/4/18 20:00,2.61,10.4
7/4/18 21:00,2.07,10.2
7/4/18 22:00,1.79,10.1
7/4/18 23:00,1.66,10.2
7/5/18 0:00,1.62,10.2
7/5/18 1:00,1.45,10.3
7/5/18 2:00,1.26,10.3
7/5/18 3:00,1.18,10.2
7/5/18 4:00,1.12,10.2
7/5/18 5:00,1.03,10
7/5/18 6:00,0.93,10.1
7/5/18 7:00,0.92,10.1
7/5/18 8:00,0.99,9.9
7/5/18 9:00,1.55,11
7/5/18 10:00,2.27,11.1
7/5/18 11:00,3.87,12.4
7/5/18 12:00,5.3,13.4
7/5/18 13:00,6.19,13.5
7/5/18 14:00,6.93,13.7
7/5/18 15:00,6.67,13.8
7/5/18 16:00,5.16,13.9
7/5/18 17:00,4.15,13.3
7/5/18 18:00,3.71,13.2
7/5/18 19:00,3.1,13.2
7/5/18 20:00,2.41,13.5
7/5/18 21:00,2.15,13.8
7/5/18 22:00,2.03,13.7
7/5/18 23:00,1.92,13.7
7/6/18 0:00,1.73,13.6
7/6/18 1:00,1.59,13.7
7/6/18 2:00,1.5,13.7
7/6/18 3:00,1.42,13.6
7/6/18 4:00,1.41,13.6
7/6/18 5:00,1.34,13.8
7/6/18 6:00,1.5,13.7
7/6/18 7:00,1.61,13.7
7/6/18 8:00,1.7,13.6
7/6/18 9:00,2.32,13.5
7/6/18 10:00,2.73,13.4
7/6/18 11:00,3.44,13.6
7/6/18 12:00,4.78,13.7
7/6/18 13:00,6.1,13.5
7/6/18 14:00,6.71,13.5
7/6/18 15:00,6.22,13.3
7/6/18 16:00,5.67,12.9
7/6/18 17:00,4.74,12.8
7/6/18 18:00,3.89,12.7
7/6/18 19:00,3.18,12.7
7/6/18 20:00,2.37,12.6
7/6/18 21:00,1.95,12.6
7/6/18 22:00,1.7,12.5
7/6/18 23:00,1.54,12.6
7/7/18 0:00,1.54,12.4
7/7/18 1:00,1.58,12.6
7/7/18 2:00,1.59,12.6
7/7/18 3:00,1.49,12.6
7/7/18 4:00,1.41,12.7
7/7/18 5:00,1.36,12.5
7/7/18 6:00,1.36,12.7
7/7/18 7:00,1.37,12.9
7/7/18 8:00,1.49,12.6
7/7/18 9:00,2.14,12.7
7/7/18 10:00,2.8,12.8
7/7/18 11:00,4.4,12.7
7/7/18 12:00,5.68,12.7
7/7/18 13:00,6.5,12.7
7/7/18 14:00,6.72,12.8
7/7/18 15:00,6.34,12.3
7/7/18 16:00,5.77,12.1
7/7/18 17:00,5.15,11.8
7/7/18 18:00,3.81,11.9
7/7/18 19:00,2.96,12.1
7/7/18 20:00,2.37,11.7
7/7/18 21:00,2.06,11.9
7/7/18 22:00,1.78,11.8
7/7/18 23:00,1.66,11.6
7/8/18 0:00,1.7,11.6
7/8/18 1:00,1.74,11.8
7/8/18 2:00,1.71,11.8
7/8/18 3:00,1.74,12
7/8/18 4:00,1.74,12
7/8/18 5:00,1.71,12
7/8/18 6:00,1.66,12
7/8/18 7:00,1.66,12
7/8/18 8:00,1.67,12.2
7/8/18 9:00,2.15,12.4
7/8/18 10:00,2.64,12.4
7/8/18 11:00,4.17,12.3
7/8/18 12:00,5.22,12.4
7/8/18 13:00,5.96,12.5
7/8/18 14:00,6.45,12.5
7/8/18 15:00,6.38,12.3
7/8/18 16:00,5.89,12.2
7/8/18 17:00,5.26,11.9
7/8/18 18:00,4.29,11.9
7/8/18 19:00,3.38,11.9
7/8/18 20:00,2.88,11.7
7/8/18 21:00,2.81,12.1
7/8/18 22:00,2.72,11.8
7/8/18 23:00,2.31,11.8
7/9/18 0:00,2.19,11.6
7/9/18 1:00,2.07,11.9
7/9/18 2:00,1.9,11.7
7/9/18 3:00,1.83,11.9
7/9/18 4:00,1.83,11.9
7/9/18 5:00,1.7,12
7/9/18 6:00,1.58,12
7/9/18 7:00,1.51,12.1
7/9/18 8:00,1.75,12
7/9/18 9:00,2.68,11.8
7/9/18 10:00,3.39,11.9
7/9/18 11:00,4.36,12.1
7/9/18 12:00,4.73,12.1
7/9/18 13:00,4.96,12
7/9/18 14:00,5.1,12.1
7/9/18 15:00,5.74,12.1
7/9/18 16:00,4.91,11.9
7/9/18 17:00,4.22,11.8
7/9/18 18:00,4.01,11.7
7/9/18 19:00,3.6,11.8
7/9/18 20:00,3.03,11.9
7/9/18 21:00,2.89,11.7
7/9/18 22:00,2.61,11.7
7/9/18 23:00,2.29,11.8
7/10/18 0:00,2.19,11.8
7/10/18 1:00,2.04,11.7
7/10/18 2:00,1.88,11.7
7/10/18 3:00,1.75,11.8
7/10/18 4:00,1.74,11.8
7/10/18 5:00,1.86,11.9
7/10/18 6:00,1.87,11.9
7/10/18 7:00,1.96,11.9
7/10/18 8:00,2.2,11.8
7/10/18 9:00,2.61,11.7
7/10/18 10:00,2.93,12.1
7/10/18 11:00,3.95,11.9
7/10/18 12:00,5.04,11.8
7/10/18 13:00,5.39,11.9
7/10/18 14:00,4.7,11.9
7/10/18 15:00,4.58,11.5
7/10/18 16:00,5.24,11.3
7/10/18 17:00,4.04,11.3
7/10/18 18:00,3.25,11.3
7/10/18 19:00,3.07,11
7/10/18 20:00,2.77,11.1
7/10/18 21:00,2.39,11
7/10/18 22:00,2.37,11
7/10/18 23:00,2.31,11.2
7/11/18 0:00,2.12,11.3
7/11/18 1:00,1.98,11.3
7/11/18 2:00,2.07,11.3
7/11/18 3:00,2.04,11.3
7/11/18 4:00,2.02,11.3
7/11/18 5:00,2.06,11.3
7/11/18 6:00,2.15,11.5
7/11/18 7:00,2.27,11.4
7/11/18 8:00,2.62,11.5
7/11/18 9:00,2.72,11.4
7/11/18 10:00,3.51,11.3
7/11/18 11:00,4.89,11.4
7/11/18 12:00,4.61,11.5
7/11/18 13:00,4.29,11.4
7/11/18 14:00,3.75,11.4
7/11/18 15:00,3.31,11.4
7/11/18 16:00,3.89,11
7/11/18 17:00,3.74,11.3
7/11/18 18:00,3.5,11.3
7/11/18 19:00,2.9,11.4
7/11/18 20:00,2.55,11.3
7/11/18 21:00,2.39,11.4
7/11/18 22:00,2.07,11.9
7/11/18 23:00,1.83,11.9
7/12/18 0:00,1.69,12
7/12/18 1:00,1.7,12.5
7/12/18 2:00,1.59,12.6
7/12/18 3:00,1.43,12.6
7/12/18 4:00,1.38,12.9
7/12/18 5:00,1.4,12.8
7/12/18 6:00,1.38,12.9
7/12/18 7:00,1.3,12.9
7/12/18 8:00,1.29,12.9
7/12/18 9:00,1.78,12.9
7/12/18 10:00,2.21,12.9
7/12/18 11:00,2.94,12.9
7/12/18 12:00,4.38,13.2
7/12/18 13:00,5.34,13.2
7/12/18 14:00,6.19,13
7/12/18 15:00,6.04,13.1
7/12/18 16:00,5.89,12.7
7/12/18 17:00,5.26,12.7
7/12/18 18:00,4.73,12.6
7/12/18 19:00,3.79,12.4
7/12/18 20:00,2.94,12.8
7/12/18 21:00,2.52,12.8
7/12/18 22:00,2.25,12.5
7/12/18 23:00,2.08,12.6
7/13/18 0:00,1.92,12.6
7/13/18 1:00,1.84,12.5
7/13/18 2:00,1.75,12.7
7/13/18 3:00,1.53,12.8
7/13/18 4:00,1.36,12.7
7/13/18 5:00,1.21,12.6
7/13/18 6:00,1.09,12.8
7/13/18 7:00,1.01,12.6
7/13/18 8:00,0.97,12.8
7/13/18 9:00,1.42,12.8
7/13/18 10:00,1.86,12.8
7/13/18 11:00,3.71,12.6
7/13/18 12:00,5.14,12.9
7/13/18 13:00,6.17,13
7/13/18 14:00,6.86,13.1
7/13/18 15:00,7.2,13.1
7/13/18 16:00,7.19,13
7/13/18 17:00,6.88,12.8
7/13/18 18:00,6.27,12.5
7/13/18 19:00,4.73,12.9
7/13/18 20:00,3.59,12.7
7/13/18 21:00,3.11,12.7
7/13/18 22:00,2.78,12.7
7/13/18 23:00,2.57,12.7
7/14/18 0:00,2.36,12.6
7/14/18 1:00,2.15,12.5
7/14/18 2:00,2.1,12.6
7/14/18 3:00,1.94,12.6
7/14/18 4:00,1.75,12.7
7/14/18 5:00,1.61,12.8
7/14/18 6:00,1.43,12.8
7/14/18 7:00,1.28,12.9
7/14/18 8:00,1.25,12.9
7/14/18 9:00,1.78,12.7
7/14/18 10:00,2.41,12.8
7/14/18 11:00,4.03,12.5
7/14/18 12:00,5.04,12.8
7/14/18 13:00,5.18,12.9
7/14/18 14:00,5.41,13.2
7/14/18 15:00,6.21,13
7/14/18 16:00,6.05,13.1
7/14/18 17:00,5.35,13.2
7/14/18 18:00,4.86,13
7/14/18 19:00,4.29,13.1
7/14/18 20:00,3.87,12.9
7/14/18 21:00,3.37,13.1
7/14/18 22:00,2.96,13.3
7/14/18 23:00,2.68,13
7/15/18 0:00,2.49,12.9
7/15/18 1:00,2.33,13
7/15/18 2:00,2.14,13.1
7/15/18 3:00,1.96,13
7/15/18 4:00,1.78,13.1
7/15/18 5:00,1.65,13.1
7/15/18 6:00,1.54,13.2
7/15/18 7:00,1.5,13
7/15/18 8:00,1.53,13
7/15/18 9:00,2.12,12.9
7/15/18 10:00,2.66,12.9
7/15/18 11:00,4.42,12.7
7/15/18 12:00,6.12,13
7/15/18 13:00,7.4,13
7/15/18 14:00,8.14,13.1
7/15/18 15:00,8.46,13
7/15/18 16:00,8.31,12.7
7/15/18 17:00,7.11,12.7
7/15/18 18:00,6.3,12.3
7/15/18 19:00,5.06,12.3
7/15/18 20:00,4.08,12.2
7/15/18 21:00,3.54,12.2
7/15/18 22:00,3.18,12.2
7/15/18 23:00,2.93,12.1
7/16/18 0:00,2.78,12
7/16/18 1:00,2.62,11.8
7/16/18 2:00,2.49,11.7
7/16/18 3:00,2.43,11.9
7/16/18 4:00,2.31,11.9
7/16/18 5:00,2.28,12
7/16/18 6:00,2.21,12
7/16/18 7:00,2.19,11.8
7/16/18 8:00,2.32,11.8
7/16/18 9:00,2.72,11.8
7/16/18 10:00,3.18,12
7/16/18 11:00,3.58,12.2
7/16/18 12:00,3.97,12.2
7/16/18 13:00,5.65,12.3
7/16/18 14:00,7.07,12.4
7/16/18 15:00,7.17,12.5
7/16/18 16:00,6.64,12.5
7/16/18 17:00,6.86,12.2
7/16/18 18:00,6.39,12.3
7/16/18 19:00,5.15,12.3
7/16/18 20:00,4.29,12.1
7/16/18 21:00,3.87,12.2
7/16/18 22:00,3.5,12.4
7/16/18 23:00,3.09,11.8
7/17/18 0:00,2.8,11.8
7/17/18 1:00,2.64,11.8
7/17/18 2:00,2.6,11.8
7/17/18 3:00,2.44,11.9
7/17/18 4:00,2.39,11.9
7/17/18 5:00,2.48,11.9
7/17/18 6:00,2.49,11.9
7/17/18 7:00,2.51,11.9
7/17/18 8:00,2.72,11.8
7/17/18 9:00,3.07,11.8
7/17/18 10:00,3.27,11.9
7/17/18 11:00,3.99,12.2
7/17/18 12:00,5.6,12.1
7/17/18 13:00,6.82,12.2
7/17/18 14:00,6.83,12.2
7/17/18 15:00,7.21,12.2
7/17/18 16:00,6.84,12.2
7/17/18 17:00,5.69,11.9
7/17/18 18:00,5.36,11.7
7/17/18 19:00,4.65,11.6
7/17/18 20:00,4.09,11.7
7/17/18 21:00,3.46,11.5
7/17/18 22:00,2.86,11.7
7/17/18 23:00,2.65,11.5
7/18/18 0:00,2.56,11.7
7/18/18 1:00,2.43,11.5
7/18/18 2:00,2.25,11.6
7/18/18 3:00,2.19,11.6
7/18/18 4:00,2.12,11.7
7/18/18 5:00,1.99,11.7
7/18/18 6:00,1.9,11.7
7/18/18 7:00,1.86,11.8
7/18/18 8:00,1.86,11.8
7/18/18 9:00,2.24,11.6
7/18/18 10:00,2.64,11.8
7/18/18 11:00,4.32,11.6
7/18/18 12:00,5.81,11.9
7/18/18 13:00,6.84,12
7/18/18 14:00,7.45,12.1
7/18/18 15:00,7.64,11.9
7/18/18 16:00,7.33,11.7
7/18/18 17:00,7.15,11.6
7/18/18 18:00,6.71,11.6
7/18/18 19:00,5.28,11.7
7/18/18 20:00,4.37,11.6
7/18/18 21:00,3.81,11.6
7/18/18 22:00,3.44,11.5
7/18/18 23:00,3.14,11.5
7/19/18 0:00,3.02,11.3
7/19/18 1:00,2.98,11.5
7/19/18 2:00,2.85,11.6
7/19/18 3:00,2.7,11.5
7/19/18 4:00,2.55,11.7
7/19/18 5:00,2.29,11.8
7/19/18 6:00,2.14,11.8
7/19/18 7:00,2.07,11.9
7/19/18 8:00,2,11.7
7/19/18 9:00,2.33,11.8
7/19/18 10:00,2.73,12.1
7/19/18 11:00,4.36,11.9
7/19/18 12:00,5.89,12
7/19/18 13:00,6.91,12.1
7/19/18 14:00,7.62,12.4
7/19/18 15:00,8.01,12.2
7/19/18 16:00,8.05,11.9
7/19/18 17:00,7.69,11.9
7/19/18 18:00,7.05,11.6
7/19/18 19:00,5.37,12
7/19/18 20:00,4.25,11.8
7/19/18 21:00,3.62,11.6
7/19/18 22:00,3.21,11.6
7/19/18 23:00,2.9,11.7
7/20/18 0:00,2.72,11.6
7/20/18 1:00,2.62,11.7
7/20/18 2:00,2.55,11.7
7/20/18 3:00,2.49,11.7
7/20/18 4:00,2.44,11.7
7/20/18 5:00,2.41,11.7
7/20/18 6:00,2.37,12.1
7/20/18 7:00,2.52,11.9
7/20/18 8:00,2.68,11.8
7/20/18 9:00,3.03,12
7/20/18 10:00,3.43,12.2
7/20/18 11:00,4.87,12
7/20/18 12:00,6.54,12.3
7/20/18 13:00,7.69,12.3
7/20/18 14:00,8.39,12.4
7/20/18 15:00,8.68,12.1
7/20/18 16:00,8.61,12
7/20/18 17:00,8.02,11.9
7/20/18 18:00,7.42,11.5
7/20/18 19:00,5.93,11.8
7/20/18 20:00,4.93,11.7
7/20/18 21:00,4.37,11.6
7/20/18 22:00,3.95,11.4
7/20/18 23:00,3.74,11.3
7/21/18 0:00,3.59,11.3
7/21/18 1:00,3.43,11.4
7/21/18 2:00,3.31,11.2
7/21/18 3:00,3.22,11.4
7/21/18 4:00,3.21,11.4
7/21/18 5:00,3.09,11.5
7/21/18 6:00,2.99,11.5
7/21/18 7:00,3.01,11.5
7/21/18 8:00,3.09,11.5
7/21/18 9:00,3.15,11.6
7/21/18 10:00,3.44,11.7
7/21/18 11:00,4.09,11.7
7/21/18 12:00,5.12,11.8
7/21/18 13:00,6.26,11.9
7/21/18 14:00,6.66,12.2
7/21/18 15:00,5.96,12.1
7/21/18 16:00,5.74,12.1
7/21/18 17:00,5.72,12.1
7/21/18 18:00,5.57,12
7/21/18 19:00,5.18,11.8
7/21/18 20:00,4.49,12
7/21/18 21:00,4.07,12
7/21/18 22:00,3.76,11.8
7/21/18 23:00,3.62,11.6
7/22/18 0:00,3.64,11.5
7/22/18 1:00,3.7,11.4
7/22/18 2:00,3.7,11.6
7/22/18 3:00,3.46,11.7
7/22/18 4:00,3.06,11.5
7/22/18 5:00,2.76,11.6
7/22/18 6:00,2.55,11.7
7/22/18 7:00,2.43,11.5
7/22/18 8:00,2.37,11.6
7/22/18 9:00,2.43,11.5
7/22/18 10:00,2.64,11.5
7/22/18 11:00,2.89,11.6
7/22/18 12:00,4.46,11.5
7/22/18 13:00,5.89,11.7
7/22/18 14:00,6.33,11.7
7/22/18 15:00,5.96,12
7/22/18 16:00,4.95,12.2
7/22/18 17:00,4.4,11.9
7/22/18 18:00,4.18,11.8
7/22/18 19:00,4.03,11.7
7/22/18 20:00,3.72,11.8
7/22/18 21:00,3.27,11.8
7/22/18 22:00,2.9,12.1
7/22/18 23:00,2.66,12.2
7/23/18 0:00,2.51,12.1
7/23/18 1:00,2.36,11.9
7/23/18 2:00,2.2,12
7/23/18 3:00,2.06,12
7/23/18 4:00,1.91,12.1
7/23/18 5:00,1.75,12.2
7/23/18 6:00,1.65,12.2
7/23/18 7:00,1.58,12.2
7/23/18 8:00,1.54,12.4
7/23/18 9:00,1.92,12.3
7/23/18 10:00,2.51,12.6
7/23/18 11:00,3.88,12.2
7/23/18 12:00,4.34,12.6
7/23/18 13:00,6.8,12.6
7/23/18 14:00,8.23,12.7
7/23/18 15:00,8.8,12.5
7/23/18 16:00,8.67,12.4
7/23/18 17:00,7.97,12.2
7/23/18 18:00,7.09,11.9
7/23/18 19:00,5.63,11.9
7/23/18 20:00,4.65,12
7/23/18 21:00,4.07,12
7/23/18 22:00,3.6,11.8
7/23/18 23:00,3.21,11.6
7/24/18 0:00,2.89,11.7
7/24/18 1:00,2.61,11.7
7/24/18 2:00,2.4,11.7
7/24/18 3:00,2.23,11.8
7/24/18 4:00,2.08,11.9
7/24/18 5:00,1.98,11.9
7/24/18 6:00,1.91,12.1
7/24/18 7:00,1.96,12.1
7/24/18 8:00,2.14,12
7/24/18 9:00,2.47,12.1
7/24/18 10:00,3.1,12.5
7/24/18 11:00,4.53,12.3
7/24/18 12:00,6.26,12.7
7/24/18 13:00,7.3,12.6
7/24/18 14:00,7.91,12.9
7/24/18 15:00,8.19,12.8
7/24/18 16:00,8.35,12.4
7/24/18 17:00,7.32,12.5
7/24/18 18:00,6.31,12
7/24/18 19:00,5.64,12.1
7/24/18 20:00,4.99,12
7/24/18 21:00,4.22,12.1
7/24/18 22:00,3.97,12
7/24/18 23:00,3.64,12.2
7/25/18 0:00,3.44,12.1
7/25/18 1:00,3.23,12
7/25/18 2:00,3.07,12
7/25/18 3:00,2.89,11.9
7/25/18 4:00,2.77,12.1
7/25/18 5:00,2.68,12.3
7/25/18 6:00,2.59,12.4
7/25/18 7:00,2.56,12.4
7/25/18 8:00,2.49,12.4
7/25/18 9:00,2.88,12.3
7/25/18 10:00,3.48,12.4
7/25/18 11:00,4.21,12.5
7/25/18 12:00,5.06,12.3
7/25/18 13:00,6.42,12.8
7/25/18 14:00,6.83,12.8
7/25/18 15:00,6.22,13
7/25/18 16:00,5.84,12.8
7/25/18 17:00,5.48,12.5
7/25/18 18:00,4.79,12.6
7/25/18 19:00,4.44,12.4
7/25/18 20:00,3.99,12
7/25/18 21:00,3.48,12.2
7/25/18 22:00,3.13,12.3
7/25/18 23:00,2.89,12.1
7/26/18 0:00,2.77,12.1
7/26/18 1:00,2.61,12.2
7/26/18 2:00,2.51,12.2
7/26/18 3:00,2.43,12.3
7/26/18 4:00,2.35,12.3
7/26/18 5:00,2.2,12.3
7/26/18 6:00,2.08,12.6
7/26/18 7:00,1.99,12.6
7/26/18 8:00,1.99,12.4
7/26/18 9:00,2.36,12.6
7/26/18 10:00,2.86,12.6
7/26/18 11:00,4.33,12.6
7/26/18 12:00,6.21,12.7
7/26/18 13:00,7.61,12.8
7/26/18 14:00,8.36,12.8
7/26/18 15:00,8.63,12.7
7/26/18 16:00,8.28,12.4
7/26/18 17:00,7.38,12.4
7/26/18 18:00,6.35,12
7/26/18 19:00,5.57,11.8
7/26/18 20:00,4.86,11.9
7/26/18 21:00,4.21,12.1
7/26/18 22:00,3.81,11.9
7/26/18 23:00,3.66,11.8
7/27/18 0:00,3.62,11.6
7/27/18 1:00,3.47,11.9
7/27/18 2:00,3.25,11.8
7/27/18 3:00,2.99,11.9
7/27/18 4:00,2.85,12.1
7/27/18 5:00,2.73,12.1
7/27/18 6:00,2.62,12.2
7/27/18 7:00,2.61,12.4
7/27/18 8:00,2.6,12.2
7/27/18 9:00,2.9,12.3
7/27/18 10:00,3.37,12.6
7/27/18 11:00,4.75,12.3
7/27/18 12:00,6.52,12.4
7/27/18 13:00,7.16,12.7
7/27/18 14:00,6.63,12.7
7/27/18 15:00,5.73,12.6
7/27/18 16:00,5.61,12.1
7/27/18 17:00,5.53,12.1
7/27/18 18:00,5.36,12
7/27/18 19:00,4.66,12.1
7/27/18 20:00,4.17,12.1
7/27/18 21:00,3.81,12.3
7/27/18 22:00,3.47,12.4
7/27/18 23:00,3.18,12.5
7/28/18 0:00,2.98,12.4
7/28/18 1:00,2.84,12.5
7/28/18 2:00,2.64,12.4
7/28/18 3:00,2.48,12.2
7/28/18 4:00,2.4,12.8
7/28/18 5:00,2.39,12.8
7/28/18 6:00,2.37,13
7/28/18 7:00,2.36,12.8
7/28/18 8:00,2.43,13
7/28/18 9:00,2.9,12.8
7/28/18 10:00,3.09,12.9
7/28/18 11:00,3.47,13.1
7/28/18 12:00,3.89,13.1
7/28/18 13:00,4.09,13.3
7/28/18 14:00,5.26,13.4
7/28/18 15:00,5.65,13.2
7/28/18 16:00,5.77,13.3
7/28/18 17:00,6.04,13.4
7/28/18 18:00,6.01,13.2
7/28/18 19:00,5.16,13.4
7/28/18 20:00,4.32,13.1
7/28/18 21:00,3.84,12.9
7/28/18 22:00,3.47,13.1
7/28/18 23:00,3.23,12.8
7/29/18 0:00,3.02,12.7
7/29/18 1:00,2.8,12.8
7/29/18 2:00,2.6,12.9
7/29/18 3:00,2.43,13
7/29/18 4:00,2.25,13
7/29/18 5:00,2.11,13.1
7/29/18 6:00,2.02,13.3
7/29/18 7:00,2.03,13.3
7/29/18 8:00,2.06,13.3
7/29/18 9:00,2.41,13.3
7/29/18 10:00,2.99,13.3
7/29/18 11:00,4.09,13.3
7/29/18 12:00,6.08,13.4
7/29/18 13:00,7.49,13.6
7/29/18 14:00,7.91,13.8
7/29/18 15:00,8.39,13.6
7/29/18 16:00,8.49,13.4
7/29/18 17:00,8.08,13.2
7/29/18 18:00,7.34,12.9
7/29/18 19:00,5.98,12.6
7/29/18 20:00,5.14,12.3
7/29/18 21:00,4.55,12.5
7/29/18 22:00,4.11,12.5
7/29/18 23:00,3.71,12.5
7/30/18 0:00,3.42,12.6
7/30/18 1:00,3.17,12.7
7/30/18 2:00,2.94,12.8
7/30/18 3:00,2.73,12.7
7/30/18 4:00,2.55,12.9
7/30/18 5:00,2.39,13
7/30/18 6:00,2.21,13.1
7/30/18 7:00,2.06,13.1
7/30/18 8:00,1.99,13.1
7/30/18 9:00,2.28,13.2
7/30/18 10:00,2.82,13.3
7/30/18 11:00,3.93,12.9
7/30/18 12:00,6.05,13.1
7/30/18 13:00,7.62,13.4
7/30/18 14:00,8.71,13.5
7/30/18 15:00,9.17,13.6
7/30/18 16:00,9.27,13.3
7/30/18 17:00,8.88,13
7/30/18 18:00,8.12,12.6
7/30/18 19:00,6.39,12.5
7/30/18 20:00,5.43,12.2
7/30/18 21:00,4.86,12.2
7/30/18 22:00,4.45,12
7/30/18 23:00,4.08,12.2
7/31/18 0:00,3.75,12.1
7/31/18 1:00,3.44,12.2
7/31/18 2:00,3.21,12.5
7/31/18 3:00,2.97,12.6
7/31/18 4:00,2.74,12.7
7/31/18 5:00,2.57,12.9
7/31/18 6:00,2.43,13
7/31/18 7:00,2.32,13
7/31/18 8:00,2.29,13.2
7/31/18 9:00,2.6,12.9
7/31/18 10:00,3.15,13
7/31/18 11:00,4.28,12.9
7/31/18 12:00,6.27,13
7/31/18 13:00,7.75,13.4
7/31/18 14:00,8.81,13.4
7/31/18 15:00,9.34,13.2
7/31/18 16:00,8.84,13.1
7/31/18 17:00,7.75,12.9
7/31/18 18:00,7.17,12.5
7/31/18 19:00,6.12,11.9
7/31/18 20:00,5.4,12
7/31/18 21:00,4.85,11.9
7/31/18 22:00,4.37,12.1
7/31/18 23:00,4.04,12.2
8/1/18 0:00,3.77,12.1
8/1/18 1:00,3.58,12.3
8/1/18 2:00,3.47,12.4
8/1/18 3:00,3.31,12.6
8/1/18 4:00,3.17,12.5
8/1/18 5:00,3.06,12.7
8/1/18 6:00,2.97,12.8
8/1/18 7:00,2.9,12.8
8/1/18 8:00,2.97,12.8
8/1/18 9:00,3.17,12.9
8/1/18 10:00,3.4,12.9
8/1/18 11:00,4.4,12.7
8/1/18 12:00,5.77,12.9
8/1/18 13:00,6.99,13
8/1/18 14:00,7.83,13.3
8/1/18 15:00,7.54,13.4
8/1/18 16:00,6.56,13.4
8/1/18 17:00,5.71,13.2
8/1/18 18:00,5.41,12.8
8/1/18 19:00,4.93,12.8
8/1/18 20:00,4.28,12.8
8/1/18 21:00,3.92,12.9
8/1/18 22:00,3.84,13.1
8/1/18 23:00,3.85,13.1
8/2/18 0:00,3.71,13
8/2/18 1:00,3.66,13.2
8/2/18 2:00,3.48,13.1
8/2/18 3:00,3.23,13.2
8/2/18 4:00,3.11,13.2
8/2/18 5:00,2.98,13.3
8/2/18 6:00,2.89,13.3
8/2/18 7:00,2.86,13.3
8/2/18 8:00,2.96,13.3
8/2/18 9:00,3.38,13.1
8/2/18 10:00,3.97,13.1
8/2/18 11:00,5,13.2
8/2/18 12:00,6.71,13.3
8/2/18 13:00,8.19,13.4
8/2/18 14:00,8.47,13.4
8/2/18 15:00,7.23,13.1
8/2/18 16:00,5.97,12.9
8/2/18 17:00,5.93,12.2
8/2/18 18:00,5.55,12.1
8/2/18 19:00,4.74,12.3
8/2/18 20:00,4.45,12
8/2/18 21:00,4.18,12.1
8/2/18 22:00,3.88,11.9
8/2/18 23:00,3.63,11.8
8/3/18 0:00,3.42,11.9
8/3/18 1:00,3.27,11.9
8/3/18 2:00,3.22,12.3
8/3/18 3:00,3.15,12.3
8/3/18 4:00,3.06,12.5
8/3/18 5:00,2.89,12.4
8/3/18 6:00,2.78,12.7
8/3/18 7:00,2.74,12.5
8/3/18 8:00,2.84,12.5
8/3/18 9:00,3.38,12.4
8/3/18 10:00,4.22,12.4
8/3/18 11:00,5.53,12.5
8/3/18 12:00,7.04,12.6
8/3/18 13:00,7.17,12.7
8/3/18 14:00,6.26,12.2
8/3/18 15:00,6.6,11.8
8/3/18 16:00,6.9,11.7
8/3/18 17:00,6.39,11.5
8/3/18 18:00,6,11.5
8/3/18 19:00,5.23,11.6
8/3/18 20:00,4.69,11.4
8/3/18 21:00,4.16,11.6
8/3/18 22:00,3.92,11.7
8/3/18 23:00,3.76,11.6
8/4/18 0:00,3.46,11.5
8/4/18 1:00,3.09,11.8
8/4/18 2:00,2.74,12
8/4/18 3:00,2.4,12.1
8/4/18 4:00,2.12,12.4
8/4/18 5:00,1.9,12.5
8/4/18 6:00,1.77,12.5
8/4/18 7:00,1.69,12.5
8/4/18 8:00,1.65,12.6
8/4/18 9:00,1.88,12.7
8/4/18 10:00,2.35,12.8
8/4/18 11:00,3.34,12.8
8/4/18 12:00,5.11,12.8
8/4/18 13:00,6.41,12.9
8/4/18 14:00,6.97,13
8/4/18 15:00,7.3,13.1
8/4/18 16:00,7.49,12.7
8/4/18 17:00,7.32,12.5
8/4/18 18:00,6.68,12.4
8/4/18 19:00,5.23,12.2
8/4/18 20:00,4.48,12.2
8/4/18 21:00,3.96,12.2
8/4/18 22:00,3.56,12.4
8/4/18 23:00,3.29,12.5
8/5/18 0:00,3.02,12.6
8/5/18 1:00,2.94,12.8
8/5/18 2:00,2.92,12.8
8/5/18 3:00,2.85,12.8
8/5/18 4:00,2.76,13
8/5/18 5:00,2.69,13.2
8/5/18 6:00,2.62,13.4
8/5/18 7:00,2.55,13.5
8/5/18 8:00,2.61,13.4
8/5/18 9:00,2.7,13.6
8/5/18 10:00,2.97,13.5
8/5/18 11:00,3.59,13.5
8/5/18 12:00,4.37,13.6
8/5/18 13:00,5.89,13.6
8/5/18 14:00,6.12,14.2
8/5/18 15:00,5.84,14.3
8/5/18 16:00,5.16,14.4
8/5/18 17:00,5.11,14.3
8/5/18 18:00,5.37,14
8/5/18 19:00,4.98,13.8
8/5/18 20:00,4.44,14
8/5/18 21:00,3.84,14.1
8/5/18 22:00,3.37,14.2
8/5/18 23:00,3.06,14.1
8/6/18 0:00,2.82,14
8/6/18 1:00,2.64,14.1
8/6/18 2:00,2.45,14.2
8/6/18 3:00,2.24,14.3
8/6/18 4:00,2.04,14.6
8/6/18 5:00,1.88,14.6
8/6/18 6:00,1.77,14.9
8/6/18 7:00,1.67,14.7
8/6/18 8:00,1.69,14.7
8/6/18 9:00,1.95,14.6
8/6/18 10:00,2.62,14.7
8/6/18 11:00,3.6,14.7
8/6/18 12:00,5.36,14.8
8/6/18 13:00,6.59,15.2
8/6/18 14:00,7.73,15.5
8/6/18 15:00,8.27,15.3
8/6/18 16:00,8.38,15.1
8/6/18 17:00,8.48,14.6
8/6/18 18:00,7.73,14
8/6/18 19:00,6.49,13.9
8/6/18 20:00,5.6,13.6
8/6/18 21:00,4.94,13.7
8/6/18 22:00,4.49,13.7
8/6/18 23:00,4.15,13.7
8/7/18 0:00,3.84,13.6
8/7/18 1:00,3.56,13.9
8/7/18 2:00,3.29,13.8
8/7/18 3:00,3.05,14.1
8/7/18 4:00,2.85,14
8/7/18 5:00,2.66,14.3
8/7/18 6:00,2.48,14.4
8/7/18 7:00,2.33,14.4
8/7/18 8:00,2.24,14.5
8/7/18 9:00,2.36,14.6
8/7/18 10:00,3.01,14.5
8/7/18 11:00,3.91,14.4
8/7/18 12:00,6,14.4
8/7/18 13:00,7.81,14.7
8/7/18 14:00,9.09,14.8
8/7/18 15:00,9.51,15.1
8/7/18 16:00,9.29,14.7
8/7/18 17:00,8.76,13.9
8/7/18 18:00,8.01,13.4
8/7/18 19:00,6.54,13.2
8/7/18 20:00,5.68,12.9
8/7/18 21:00,5.07,12.8
8/7/18 22:00,4.63,12.8
8/7/18 23:00,4.28,12.8
8/8/18 0:00,3.99,12.9
8/8/18 1:00,3.74,13
8/8/18 2:00,3.5,13.1
8/8/18 3:00,3.27,13.3
8/8/18 4:00,3.05,13.6
8/8/18 5:00,2.86,13.7
8/8/18 6:00,2.72,13.7
8/8/18 7:00,2.6,13.8
8/8/18 8:00,2.56,13.8
8/8/18 9:00,2.69,13.7
8/8/18 10:00,3.27,13.9
8/8/18 11:00,4.17,14
8/8/18 12:00,6.15,14
8/8/18 13:00,7.87,14.2
8/8/18 14:00,9.05,14.2
8/8/18 15:00,9.61,14.1
8/8/18 16:00,9.54,13.9
8/8/18 17:00,9.04,13.3
8/8/18 18:00,8.28,12.9
8/8/18 19:00,6.66,12.5
8/8/18 20:00,5.8,12.4
8/8/18 21:00,5.23,12.2
8/8/18 22:00,4.79,12.4
8/8/18 23:00,4.46,12.5
8/9/18 0:00,4.17,12.5
8/9/18 1:00,3.92,12.7
8/9/18 2:00,3.7,13
8/9/18 3:00,3.52,13.1
8/9/18 4:00,3.37,13.3
8/9/18 5:00,3.21,13.2
8/9/18 6:00,3.07,13.6
8/9/18 7:00,2.97,13.5
8/9/18 8:00,2.9,13.7
8/9/18 9:00,2.97,13.6
8/9/18 10:00,3.54,13.6
8/9/18 11:00,4.44,13.7
8/9/18 12:00,6.59,13.3
8/9/18 13:00,8.35,13.7
8/9/18 14:00,9.49,13.9
8/9/18 15:00,9.92,13.7
8/9/18 16:00,9.76,13.1
8/9/18 17:00,9.25,12.7
8/9/18 18:00,8.48,12.1
8/9/18 19:00,6.82,12
8/9/18 20:00,6.02,11.8
8/9/18 21:00,5.45,12
8/9/18 22:00,5.06,12
8/9/18 23:00,4.71,12.1
8/10/18 0:00,4.38,12.2
8/10/18 1:00,4.09,12.5
8/10/18 2:00,3.81,12.6
8/10/18 3:00,3.6,12.7
8/10/18 4:00,3.4,12.8
8/10/18 5:00,3.25,13.2
8/10/18 6:00,3.1,13.2
8/10/18 7:00,3.01,13.1
8/10/18 8:00,3.02,13.1
8/10/18 9:00,3.14,13.2
8/10/18 10:00,3.72,13.2
8/10/18 11:00,4.67,13.1
8/10/18 12:00,6.86,13.2
8/10/18 13:00,8.52,13.4
8/10/18 14:00,9.5,13.3
8/10/18 15:00,9.78,12.9
8/10/18 16:00,9.59,12.3
8/10/18 17:00,9.14,11.8
8/10/18 18:00,8.42,11.2
8/10/18 19:00,6.79,11.4
8/10/18 20:00,6.05,11
8/10/18 21:00,5.51,11.5
8/10/18 22:00,5.12,11.3
8/10/18 23:00,4.78,11.3
8/11/18 0:00,4.48,11.5
8/11/18 1:00,4.25,11.6
8/11/18 2:00,4.01,11.7
8/11/18 3:00,3.85,12.1
8/11/18 4:00,3.7,12.3
8/11/18 5:00,3.56,12.4
8/11/18 6:00,3.48,12.6
8/11/18 7:00,3.43,12.6
8/11/18 8:00,3.42,12.6
8/11/18 9:00,3.52,12.5
8/11/18 10:00,4.03,12.5
8/11/18 11:00,4.94,12.4
8/11/18 12:00,7.03,12.6
8/11/18 13:00,8.53,12.8
8/11/18 14:00,9.3,12.7
8/11/18 15:00,9.49,12.2
8/11/18 16:00,9.38,11.6
8/11/18 17:00,8.73,11.4
8/11/18 18:00,7.78,11.1
8/11/18 19:00,6.5,11.2
8/11/18 20:00,5.86,11.2
8/11/18 21:00,5.39,11.1
8/11/18 22:00,4.99,11.3
8/11/18 23:00,4.66,11.3
8/12/18 0:00,4.4,11.5
8/12/18 1:00,4.17,11.6
8/12/18 2:00,3.96,11.9
8/12/18 3:00,3.75,12.1
8/12/18 4:00,3.58,12.2
8/12/18 5:00,3.44,12.4
8/12/18 6:00,3.34,12.4
8/12/18 7:00,3.27,12.5
8/12/18 8:00,3.33,12.4
8/12/18 9:00,3.44,12.4
8/12/18 10:00,4.11,12.3
8/12/18 11:00,4.95,12.3
8/12/18 12:00,6.3,12.7
8/12/18 13:00,7.66,12.5
8/12/18 14:00,7.93,12.5
8/12/18 15:00,7.89,12.3
8/12/18 16:00,7.3,11.8
8/12/18 17:00,6.62,11.8
8/12/18 18:00,6.5,11.5
8/12/18 19:00,5.94,11.5
8/12/18 20:00,5.43,11.7
8/12/18 21:00,4.91,11.9
8/12/18 22:00,4.57,12
8/12/18 23:00,4.33,11.9
8/13/18 0:00,4.09,12
8/13/18 1:00,3.91,12.2
8/13/18 2:00,3.77,12.3
8/13/18 3:00,3.66,12.3
8/13/18 4:00,3.55,12.5
8/13/18 5:00,3.4,12.6
8/13/18 6:00,3.35,12.8
8/13/18 7:00,3.23,12.8
8/13/18 8:00,3.21,12.7
8/13/18 9:00,3.29,12.6
8/13/18 10:00,3.71,12.6
8/13/18 11:00,4.48,12.7
8/13/18 12:00,5.77,13
8/13/18 13:00,6.59,13
8/13/18 14:00,6.26,13
8/13/18 15:00,6.33,12.8
8/13/18 16:00,7.16,12.4
8/13/18 17:00,6.66,12.2
8/13/18 18:00,6.14,12.2
8/13/18 19:00,5.35,12.2
8/13/18 20:00,4.95,12
8/13/18 21:00,4.65,12.3
8/13/18 22:00,4.48,12.4
8/13/18 23:00,4.32,12.4
8/14/18 0:00,4.01,12.4
8/14/18 1:00,3.83,12.6
8/14/18 2:00,3.81,12.8
8/14/18 3:00,3.66,13
8/14/18 4:00,3.5,12.9
8/14/18 5:00,3.35,13
8/14/18 6:00,3.25,13
8/14/18 7:00,3.11,12.9
8/14/18 8:00,3.11,12.9
8/14/18 9:00,3.23,12.8
8/14/18 10:00,3.83,12.9
8/14/18 11:00,4.77,12.9
8/14/18 12:00,6.58,13
8/14/18 13:00,7.81,12.9
8/14/18 14:00,8.35,12.7
8/14/18 15:00,8.63,12.5
8/14/18 16:00,8.52,12
8/14/18 17:00,8.11,11.7
8/14/18 18:00,7.32,11.5
8/14/18 19:00,5.71,11.6
8/14/18 20:00,4.91,11.4
8/14/18 21:00,4.37,11.6
8/14/18 22:00,4.03,11.7
8/14/18 23:00,3.75,11.8
8/15/18 0:00,3.54,12
8/15/18 1:00,3.31,12.3
8/15/18 2:00,3.1,12.5
8/15/18 3:00,2.92,12.6
8/15/18 4:00,2.78,12.8
8/15/18 5:00,2.66,12.9
8/15/18 6:00,2.57,13.1
8/15/18 7:00,2.47,13.1
8/15/18 8:00,2.4,13
8/15/18 9:00,2.45,13
8/15/18 10:00,2.98,13.1
8/15/18 11:00,3.8,12.9
8/15/18 12:00,5.81,13
8/15/18 13:00,7.57,13.3
8/15/18 14:00,8.75,13.4
8/15/18 15:00,9.21,13.1
8/15/18 16:00,9.01,12.9
8/15/18 17:00,8.52,12.2
8/15/18 18:00,7.71,11.9
8/15/18 19:00,6.05,12
8/15/18 20:00,5.31,11.7
8/15/18 21:00,4.79,11.9
8/15/18 22:00,4.44,11.9
8/15/18 23:00,4.11,12.2
8/16/18 0:00,3.8,12.3
8/16/18 1:00,3.55,12.4
8/16/18 2:00,3.31,12.6
8/16/18 3:00,3.09,12.9
8/16/18 4:00,2.9,13.1
8/16/18 5:00,2.7,13.2
8/16/18 6:00,2.52,13.5
8/16/18 7:00,2.37,13.5
8/16/18 8:00,2.35,13.4
8/16/18 9:00,2.55,13.3
8/16/18 10:00,3.13,13.2
8/16/18 11:00,3.95,13.4
8/16/18 12:00,5.65,13.5
8/16/18 13:00,7.33,13.8
8/16/18 14:00,8.49,14.1
8/16/18 15:00,9.14,14
8/16/18 16:00,8.69,13.5
8/16/18 17:00,7.7,13.2
8/16/18 18:00,6.93,12.4
8/16/18 19:00,6.34,12.2
8/16/18 20:00,5.72,12.4
8/16/18 21:00,5.18,12.6
8/16/18 22:00,4.71,12.6
8/16/18 23:00,4.37,12.7
8/17/18 0:00,4.17,12.8
8/17/18 1:00,4.05,12.9
8/17/18 2:00,3.97,12.9
8/17/18 3:00,3.8,13.1
8/17/18 4:00,3.59,13.4
8/17/18 5:00,3.43,13.4
8/17/18 6:00,3.34,13.6
8/17/18 7:00,3.19,13.7
8/17/18 8:00,3.17,13.5
8/17/18 9:00,3.18,13.5
8/17/18 10:00,3.72,13.7
8/17/18 11:00,4.44,13.7
8/17/18 12:00,6.26,13.5
8/17/18 13:00,8.1,13.7
8/17/18 14:00,9.34,13.8
8/17/18 15:00,9.79,13.4
8/17/18 16:00,8.71,12.9
8/17/18 17:00,7.86,12.3
8/17/18 18:00,7.19,11.7
8/17/18 19:00,6.21,11.7
8/17/18 20:00,5.55,11.6
8/17/18 21:00,5.1,11.8
8/17/18 22:00,4.75,11.9
8/17/18 23:00,4.5,12
8/18/18 0:00,4.3,12.1
8/18/18 1:00,4.24,12.3
8/18/18 2:00,4.21,12.5
8/18/18 3:00,4.17,12.8
8/18/18 4:00,4.08,12.8
8/18/18 5:00,3.89,12.9
8/18/18 6:00,3.64,12.7
8/18/18 7:00,3.47,12.4
8/18/18 8:00,3.38,12.4
8/18/18 9:00,3.48,12.2
8/18/18 10:00,3.99,12.2
8/18/18 11:00,4.5,12.5
8/18/18 12:00,5.6,12.6
8/18/18 13:00,5.96,12.9
8/18/18 14:00,5.22,13.2
8/18/18 15:00,5.11,12.8
8/18/18 16:00,4.91,12.5
8/18/18 17:00,4.74,12.8
8/18/18 18:00,4.53,12.8
8/18/18 19:00,4.11,12.8
8/18/18 20:00,3.74,13.3
8/18/18 21:00,3.5,13.2
8/18/18 22:00,3.31,13.5
8/18/18 23:00,3.11,13.6
8/19/18 0:00,2.97,13.6
8/19/18 1:00,2.92,13.6
8/19/18 2:00,2.9,13.8
8/19/18 3:00,2.89,14
8/19/18 4:00,2.78,14.1
8/19/18 5:00,2.64,14.3
8/19/18 6:00,2.64,14.5
8/19/18 7:00,2.65,14.5
8/19/18 8:00,2.73,14.4
8/19/18 9:00,2.82,14.2
8/19/18 10:00,3.25,14.2
8/19/18 11:00,4.04,14
8/19/18 12:00,5.89,14.3
8/19/18 13:00,7.74,14.6
8/19/18 14:00,7.93,14.8
8/19/18 15:00,8.1,14.3
8/19/18 16:00,7.94,13.9
8/19/18 17:00,6.86,13.7
8/19/18 18:00,6.12,13
8/19/18 19:00,5.67,13.2
8/19/18 20:00,5.28,13
8/19/18 21:00,4.86,13.5
8/19/18 22:00,4.49,13.5
8/19/18 23:00,4.24,13.6
8/20/18 0:00,3.97,13.7
8/20/18 1:00,3.75,13.7
8/20/18 2:00,3.55,13.7
8/20/18 3:00,3.42,14
8/20/18 4:00,3.31,14.2
8/20/18 5:00,3.22,14.4
8/20/18 6:00,3.1,14.4
8/20/18 7:00,2.99,14.5
8/20/18 8:00,2.99,14.3
8/20/18 9:00,3.09,14.1
8/20/18 10:00,3.63,14.2
8/20/18 11:00,4.5,14.2
8/20/18 12:00,5.6,14.2
8/20/18 13:00,6.42,14.4
8/20/18 14:00,7.17,14.2
8/20/18 15:00,7.19,13.9
8/20/18 16:00,6.3,13.6
8/20/18 17:00,5.55,13.4
8/20/18 18:00,5.19,13.1
8/20/18 19:00,4.89,12.9
8/20/18 20:00,4.53,13
8/20/18 21:00,4.18,13.1
8/20/18 22:00,3.84,13.1
8/20/18 23:00,3.72,13.2
8/21/18 0:00,3.56,13.4
8/21/18 1:00,3.34,13.6
8/21/18 2:00,3.27,13.9
8/21/18 3:00,3.15,13.9
8/21/18 4:00,3.14,14.1
8/21/18 5:00,3.05,14.3
8/21/18 6:00,3.03,14.5
8/21/18 7:00,3.03,14.5
8/21/18 8:00,3.11,14.3
8/21/18 9:00,3.17,14.1
8/21/18 10:00,3.59,14.1
8/21/18 11:00,4.28,13.9
8/21/18 12:00,5.69,14.2
8/21/18 13:00,7.19,14.2
8/21/18 14:00,7.5,14.2
8/21/18 15:00,6.88,14.2
8/21/18 16:00,6.26,13.6
8/21/18 17:00,6.08,13.4
8/21/18 18:00,5.73,13.2
8/21/18 19:00,5.28,13.2
8/21/18 20:00,4.85,13.5
8/21/18 21:00,4.3,13.6
8/21/18 22:00,4.03,13.7
8/21/18 23:00,3.95,13.7
8/22/18 0:00,3.77,13.6
8/22/18 1:00,3.6,13.9
8/22/18 2:00,3.48,13.9
8/22/18 3:00,3.42,14.1
8/22/18 4:00,3.4,14.1
8/22/18 5:00,3.27,14.2
8/22/18 6:00,3.14,14.4
8/22/18 7:00,3.09,14.4
8/22/18 8:00,3.07,14.3
8/22/18 9:00,3.14,14.1
8/22/18 10:00,3.46,14.1
8/22/18 11:00,4.03,14
8/22/18 12:00,4.87,14.2
8/22/18 13:00,4.93,14.5
8/22/18 14:00,5.39,14.5
8/22/18 15:00,6.43,14.4
8/22/18 16:00,7.07,14.2
8/22/18 17:00,6.76,13.9
8/22/18 18:00,5.86,13.6
8/22/18 19:00,4.98,13.7
8/22/18 20:00,4.13,13.3
8/22/18 21:00,3.76,13.3
8/22/18 22:00,3.51,13.7
8/22/18 23:00,3.22,13.9
8/23/18 0:00,2.96,14.2
8/23/18 1:00,2.76,14.6
8/23/18 2:00,2.62,14.7
8/23/18 3:00,2.55,14.7
8/23/18 4:00,2.47,15.1
8/23/18 5:00,2.43,15.3
8/23/18 6:00,2.41,15.5
8/23/18 7:00,2.4,15.5
8/23/18 8:00,2.47,15.4
8/23/18 9:00,2.64,15.2
8/23/18 10:00,2.99,15
8/23/18 11:00,3.5,15.1
8/23/18 12:00,4.32,15.3
8/23/18 13:00,5.2,15.7
8/23/18 14:00,6.26,15.7
8/23/18 15:00,6.9,16
8/23/18 16:00,6.52,16.2
8/23/18 17:00,5.94,16.3
8/23/18 18:00,5.32,16.1
8/23/18 19:00,4.4,16.1
8/23/18 20:00,3.85,15.8
8/23/18 21:00,3.44,15.8
8/23/18 22:00,3.14,15.8
8/23/18 23:00,2.92,15.7
8/24/18 0:00,2.72,15.8
8/24/18 1:00,2.56,15.9
8/24/18 2:00,2.37,16.2
8/24/18 3:00,2.24,16.4
8/24/18 4:00,2.12,16.7
8/24/18 5:00,2.02,16.9
8/24/18 6:00,1.94,17
8/24/18 7:00,1.88,16.4
8/24/18 8:00,1.92,16.4
8/24/18 9:00,2.07,16.2
8/24/18 10:00,2.6,16.3
8/24/18 11:00,3.35,16.4
8/24/18 12:00,4.79,16.5
8/24/18 13:00,6.33,16.6
8/24/18 14:00,7.24,17
8/24/18 15:00,7.52,17
8/24/18 16:00,6.9,16.6
8/24/18 17:00,6.14,16.2
8/24/18 18:00,5.65,15.5
8/24/18 19:00,5.08,15.4
8/24/18 20:00,4.54,15.2
8/24/18 21:00,4.05,15.4
8/24/18 22:00,3.7,15.4
8/24/18 23:00,3.44,15.3
8/25/18 0:00,3.29,15.4
8/25/18 1:00,3.15,15.6
8/25/18 2:00,3.05,15.7
8/25/18 3:00,2.97,15.9
8/25/18 4:00,2.89,16.1
8/25/18 5:00,2.82,16.3
8/25/18 6:00,2.74,16.5
8/25/18 7:00,2.64,16.6
8/25/18 8:00,2.57,16.6
8/25/18 9:00,2.52,16.5
8/25/18 10:00,2.84,16.3
8/25/18 11:00,3.48,16.5
8/25/18 12:00,4.95,16.3
8/25/18 13:00,6.72,16.7
8/25/18 14:00,8.08,17
8/25/18 15:00,8.92,16.9
8/25/18 16:00,8.85,16.4
8/25/18 17:00,8.15,15.5
8/25/18 18:00,7.05,14.7
8/25/18 19:00,5.68,14.3
8/25/18 20:00,5,14.1
8/25/18 21:00,4.52,14.3
8/25/18 22:00,4.13,14.3
8/25/18 23:00,3.77,14.5
8/26/18 0:00,3.48,14.6
8/26/18 1:00,3.21,14.9
8/26/18 2:00,2.99,15.2
8/26/18 3:00,2.81,15.5
8/26/18 4:00,2.68,15.5
8/26/18 5:00,2.55,15.8
8/26/18 6:00,2.4,16
8/26/18 7:00,2.32,16
8/26/18 8:00,2.43,16
8/26/18 9:00,2.72,15.8
8/26/18 10:00,2.92,15.7
8/26/18 11:00,3.25,16.1
8/26/18 12:00,3.89,16.3
8/26/18 13:00,4.09,16.6
8/26/18 14:00,4.22,16.8
8/26/18 15:00,4.36,17.1
8/26/18 16:00,4.38,17.2
8/26/18 17:00,4.42,17.4
8/26/18 18:00,4.32,17.6
8/26/18 19:00,4.07,17.9
8/26/18 20:00,3.81,18.2
8/26/18 21:00,3.55,18.4
8/26/18 22:00,3.29,18.3
8/26/18 23:00,3.11,18.1
8/27/18 0:00,2.97,18
8/27/18 1:00,2.84,18.1
8/27/18 2:00,2.74,17.9
8/27/18 3:00,2.66,18.2
8/27/18 4:00,2.44,18.5
8/27/18 5:00,1.83,18.5
8/27/18 6:00,0.85,18.3
8/27/18 7:00,0.58,18.1
8/27/18 8:00,0.44,17.6
8/27/18 9:00,0.71,17.6
8/27/18 10:00,0.99,17.7
8/27/18 11:00,1.1,17.4
8/27/18 12:00,1.26,17.7
8/27/18 13:00,1.46,17.9
8/27/18 14:00,1.51,17.7
8/27/18 15:00,1.59,17.9
8/27/18 16:00,1.29,18.2
8/27/18 17:00,1.45,18.5
8/27/18 18:00,1.17,18.8
8/27/18 19:00,1.13,19.4
8/27/18 20:00,0.79,19.6
8/27/18 21:00,0.76,20.2
8/27/18 22:00,0.71,20.6
8/27/18 23:00,0.27,20.4
8/28/18 0:00,0.39,20.5
8/28/18 1:00,0.22,20.4
8/28/18 2:00,0.14,20.8
8/28/18 3:00,0.06,20.9
8/28/18 4:00,0.07,20.9
8/28/18 5:00,0.05,20.9
8/28/18 6:00,0.01,21.1
8/28/18 7:00,-0.06,21.1
8/28/18 8:00,-0.1,21.2
8/28/18 9:00,-0.09,21
8/28/18 10:00,0.15,20.8
8/28/18 11:00,0.99,20.8
8/28/18 12:00,2.23,20.6
8/28/18 13:00,3.93,20.2
8/28/18 14:00,5.6,20.4
8/28/18 15:00,6.82,20.7
8/28/18 16:00,7.48,20.8
8/28/18 17:00,7.57,20.8
8/28/18 18:00,6.97,21.3
8/28/18 19:00,5.77,22
8/28/18 20:00,4.55,22.2
8/28/18 21:00,3.51,22.5
8/28/18 22:00,2.76,22.9
8/28/18 23:00,2.15,22.6
8/29/18 0:00,1.7,22.7
8/29/18 1:00,1.33,22.6
8/29/18 2:00,1.05,22.6
8/29/18 3:00,0.81,22.8
8/29/18 4:00,0.6,22.6
8/29/18 5:00,0.38,22.7
8/29/18 6:00,0.17,22.9
8/29/18 7:00,0.01,22.8
8/29/18 8:00,-0.05,22.9
8/29/18 9:00,-0.1,22.9
8/29/18 10:00,0.19,22.9
8/29/18 11:00,1.03,22.8
8/29/18 12:00,2.33,22.3
8/29/18 13:00,4,22.2
8/29/18 14:00,5.81,22
8/29/18 15:00,7.28,22.5
8/29/18 16:00,8.2,22.8
8/29/18 17:00,8.52,23.2
8/29/18 18:00,8.2,23.7
8/29/18 19:00,7.16,24.3
8/29/18 20:00,6.23,24.9
8/29/18 21:00,5.31,24.9
8/29/18 22:00,4.62,24.8
8/29/18 23:00,4.07,24.5
8/30/18 0:00,3.6,24.3
8/30/18 1:00,3.25,23.9
8/30/18 2:00,2.97,23.9
8/30/18 3:00,2.74,23.8
8/30/18 4:00,2.59,23.9
8/30/18 5:00,2.47,24
8/30/18 6:00,2.4,24
8/30/18 7:00,2.41,24
8/30/18 8:00,2.48,23.8
8/30/18 9:00,2.51,23.4
8/30/18 10:00,2.85,23.1
8/30/18 11:00,3.72,23.1
8/30/18 12:00,5.04,22.8
8/30/18 13:00,6.59,22.8
8/30/18 14:00,7.7,23.3
8/30/18 15:00,8.52,23.6
8/30/18 16:00,8.48,24.1
8/30/18 17:00,8.3,24.4
8/30/18 18:00,7.94,24.6
8/30/18 19:00,6.99,24.8
8/30/18 20:00,6.26,25.2
8/30/18 21:00,5.57,25.2
8/30/18 22:00,5,25
8/30/18 23:00,4.55,24.7
8/31/18 0:00,4.17,24.1
8/31/18 1:00,3.91,23.9
8/31/18 2:00,3.64,23.6
8/31/18 3:00,3.43,23.3
8/31/18 4:00,3.19,23.4
8/31/18 5:00,2.98,23.2
8/31/18 6:00,2.8,23.2
8/31/18 7:00,2.59,23.3
8/31/18 8:00,2.45,23.3
8/31/18 9:00,2.33,23.2
8/31/18 10:00,2.49,22.9
8/31/18 11:00,3.22,22.9
8/31/18 12:00,4.45,22.6
8/31/18 13:00,6.13,22.4
8/31/18 14:00,7.75,22.9
8/31/18 15:00,8.61,23.3
8/31/18 16:00,8.59,23.7
8/31/18 17:00,8.47,23.8
8/31/18 18:00,7.87,24.1
8/31/18 19:00,6.76,24.2
8/31/18 20:00,5.69,24.3
8/31/18 21:00,4.82,24.5
8/31/18 22:00,4.2,23.7
8/31/18 23:00,3.72,23.1
9/1/18 0:00,3.38,22.6
9/1/18 1:00,3.07,22.3
9/1/18 2:00,2.84,22.1
9/1/18 3:00,2.6,22.3
9/1/18 4:00,2.37,22.2
9/1/18 5:00,2.11,22.4
9/1/18 6:00,1.91,22.6
9/1/18 7:00,1.73,22.7
9/1/18 8:00,1.63,22.8
9/1/18 9:00,1.57,22.8
9/1/18 10:00,1.77,22.8
9/1/18 11:00,2.56,22.8
9/1/18 12:00,3.89,22.6
9/1/18 13:00,5.57,22.5
9/1/18 14:00,7.19,22.7
9/1/18 15:00,8.43,23.3
9/1/18 16:00,9.17,23.5
9/1/18 17:00,9.54,23.9
9/1/18 18:00,9.09,24.2
9/1/18 19:00,7.75,24.3
9/1/18 20:00,6.33,23.7
9/1/18 21:00,5.31,23
9/1/18 22:00,4.59,22.3
9/1/18 23:00,4.13,21.9
9/2/18 0:00,3.75,21.8
9/2/18 1:00,3.39,21.6
9/2/18 2:00,3.07,21.6
9/2/18 3:00,2.8,21.8
9/2/18 4:00,2.55,21.9
9/2/18 5:00,2.29,22.1
9/2/18 6:00,2.07,22.3
9/2/18 7:00,1.87,22.4
9/2/18 8:00,1.71,22.2
9/2/18 9:00,1.62,22.2
9/2/18 10:00,1.78,22.1
9/2/18 11:00,2.48,22.2
9/2/18 12:00,3.83,22.1
9/2/18 13:00,5.53,22
9/2/18 14:00,7.24,22.2
9/2/18 15:00,8.59,22.7
9/2/18 16:00,9.49,22.9
9/2/18 17:00,9.84,23.4
9/2/18 18:00,9.24,23.6
9/2/18 19:00,7.78,23.2
9/2/18 20:00,6.33,22.3
9/2/18 21:00,5.32,21.3
9/2/18 22:00,4.69,20.6
9/2/18 23:00,4.25,20.3
9/3/18 0:00,3.93,20.2
9/3/18 1:00,3.52,20.4
9/3/18 2:00,3.15,20.5
9/3/18 3:00,2.8,20.7
9/3/18 4:00,2.53,20.9
9/3/18 5:00,2.35,21
9/3/18 6:00,2.12,21.3
9/3/18 7:00,1.92,21.5
9/3/18 8:00,1.82,21.7
9/3/18 9:00,1.77,21.6
9/3/18 10:00,1.94,21.5
9/3/18 11:00,2.68,21.7
9/3/18 12:00,4.09,21.3
9/3/18 13:00,5.8,21
9/3/18 14:00,7.45,21.3
9/3/18 15:00,8.88,21.9
9/3/18 16:00,9.84,22.4
9/3/18 17:00,10.28,22.4
9/3/18 18:00,9.51,22.4
9/3/18 19:00,7.75,21.7
9/3/18 20:00,6.39,20.5
9/3/18 21:00,5.52,19.9
9/3/18 22:00,4.95,19.3
9/3/18 23:00,4.54,19.3
9/4/18 0:00,4.18,19.4
9/4/18 1:00,3.89,19.5
9/4/18 2:00,3.64,19.5
9/4/18 3:00,3.42,19.8
9/4/18 4:00,3.18,20
9/4/18 5:00,2.96,20.1
9/4/18 6:00,2.74,20.8
9/4/18 7:00,2.59,20.9
9/4/18 8:00,2.45,20.9
9/4/18 9:00,2.33,21
9/4/18 10:00,2.43,21
9/4/18 11:00,3.07,20.9
9/4/18 12:00,4.46,20.7
9/4/18 13:00,6.22,20.5
9/4/18 14:00,7.95,20.8
9/4/18 15:00,9.42,21.5
9/4/18 16:00,10.42,21.8
9/4/18 17:00,10.61,21.5
9/4/18 18:00,9.49,20.9
9/4/18 19:00,7.83,19.6
9/4/18 20:00,6.68,18.8
9/4/18 21:00,5.9,18.6
9/4/18 22:00,5.36,18.2
9/4/18 23:00,4.95,18.4
9/5/18 0:00,4.61,18.3
9/5/18 1:00,4.32,18.6
9/5/18 2:00,4.05,18.8
9/5/18 3:00,3.81,18.9
9/5/18 4:00,3.56,19.2
9/5/18 5:00,3.35,19.3
9/5/18 6:00,3.18,19.6
9/5/18 7:00,3.03,19.9
9/5/18 8:00,2.97,20.1
9/5/18 9:00,2.9,20
9/5/18 10:00,2.99,19.9
9/5/18 11:00,3.64,20
9/5/18 12:00,5,19.7
9/5/18 13:00,6.8,19.5
9/5/18 14:00,8.55,19.9
9/5/18 15:00,9.87,20.5
9/5/18 16:00,10.76,20.6
9/5/18 17:00,10.61,20
9/5/18 18:00,8.73,18.9
9/5/18 19:00,7.19,17.9
9/5/18 20:00,6.3,17.3
9/5/18 21:00,5.84,17.3
9/5/18 22:00,5.45,17.2
9/5/18 23:00,5.07,17.4
9/6/18 0:00,4.71,17.4
9/6/18 1:00,4.42,17.6
9/6/18 2:00,4.15,18
9/6/18 3:00,3.93,18.2
9/6/18 4:00,3.74,18.3
9/6/18 5:00,3.55,18.5
9/6/18 6:00,3.39,19
9/6/18 7:00,3.26,19.2
9/6/18 8:00,3.26,19.1
9/6/18 9:00,3.35,19
9/6/18 10:00,3.43,18.8
9/6/18 11:00,4.03,18.8
9/6/18 12:00,5.32,18.9
9/6/18 13:00,7.13,18.9
9/6/18 14:00,8.97,19.2
9/6/18 15:00,10.39,19.6
9/6/18 16:00,11.1,19.8
9/6/18 17:00,10.73,19.2
9/6/18 18:00,9.14,18
9/6/18 19:00,7.64,17.4
9/6/18 20:00,6.74,16.9
9/6/18 21:00,6.14,16.7
9/6/18 22:00,5.71,16.6
9/6/18 23:00,5.39,16.6
9/7/18 0:00,5.11,16.9
9/7/18 1:00,4.94,17
9/7/18 2:00,4.75,17.2
9/7/18 3:00,4.55,17.3
9/7/18 4:00,4.38,17.6
9/7/18 5:00,4.16,18
9/7/18 6:00,3.97,18.1
9/7/18 7:00,3.76,18.3
9/7/18 8:00,3.71,18.3
9/7/18 9:00,3.67,18.1
9/7/18 10:00,3.7,18.1
9/7/18 11:00,4.26,18.3
9/7/18 12:00,5.32,17.9
9/7/18 13:00,7.13,18.2
9/7/18 14:00,8.6,18.7
9/7/18 15:00,8.96,19.1
9/7/18 16:00,9.54,18.9
9/7/18 17:00,9.25,18.2
9/7/18 18:00,8.12,17.7
9/7/18 19:00,6.97,17.4
9/7/18 20:00,6.22,17
9/7/18 21:00,5.61,16.8
9/7/18 22:00,5.12,16.5
9/7/18 23:00,4.77,16.6
9/8/18 0:00,4.49,16.7
9/8/18 1:00,4.24,16.8
9/8/18 2:00,4.04,17.1
9/8/18 3:00,3.91,17.5
9/8/18 4:00,3.8,17.5
9/8/18 5:00,3.68,18
9/8/18 6:00,3.58,18.2
9/8/18 7:00,3.5,18.4
9/8/18 8:00,3.56,18.4
9/8/18 9:00,3.76,18.3
9/8/18 10:00,3.99,18.1
9/8/18 11:00,4.73,18.2
9/8/18 12:00,5.77,18.2
9/8/18 13:00,7.08,18.4
9/8/18 14:00,7.87,18.6
9/8/18 15:00,8.67,18.8
9/8/18 16:00,8.07,19.3
9/8/18 17:00,7.04,19.1
9/8/18 18:00,6.08,18
9/8/18 19:00,5.27,17.3
9/8/18 20:00,4.7,17.1
9/8/18 21:00,4.24,17.2
9/8/18 22:00,3.83,17
9/8/18 23:00,3.5,17.2
9/9/18 0:00,3.21,17.3
9/9/18 1:00,2.97,17.5
9/9/18 2:00,2.73,17.8
9/9/18 3:00,2.55,18.1
9/9/18 4:00,2.37,18.5
9/9/18 5:00,2.24,18.6
9/9/18 6:00,2.08,19
9/9/18 7:00,1.95,19.3
9/9/18 8:00,1.83,19.4
9/9/18 9:00,1.79,19.4
9/9/18 10:00,1.75,19.4
9/9/18 11:00,2.25,19.3
9/9/18 12:00,3.56,19.4
9/9/18 13:00,5.19,19.1
9/9/18 14:00,6.92,19.4
9/9/18 15:00,8.39,19.6
9/9/18 16:00,9.12,19.5
9/9/18 17:00,9.16,19.1
9/9/18 18:00,7.94,19.2
9/9/18 19:00,6.26,18.4
9/9/18 20:00,5.2,18
9/9/18 21:00,4.53,17.5
9/9/18 22:00,4.07,17.4
9/9/18 23:00,3.68,17.3
9/10/18 0:00,3.37,17.4
9/10/18 1:00,3.14,17.7
9/10/18 2:00,2.97,18.2
9/10/18 3:00,2.8,18.3
9/10/18 4:00,2.68,18.7
9/10/18 5:00,2.59,18.9
9/10/18 6:00,2.49,19.2
9/10/18 7:00,2.37,19.6
9/10/18 8:00,2.28,19.6
9/10/18 9:00,2.21,19.5
9/10/18 10:00,2.18,19.5
9/10/18 11:00,2.7,19.4
9/10/18 12:00,4.15,19.4
9/10/18 13:00,5.78,19
9/10/18 14:00,7.32,19.7
9/10/18 15:00,8.56,19.5
9/10/18 16:00,9.02,19.8
9/10/18 17:00,8.83,19.3
9/10/18 18:00,7.38,18.4
9/10/18 19:00,5.93,17.6
9/10/18 20:00,5.03,17.2
9/10/18 21:00,4.53,17.2
9/10/18 22:00,4.22,16.8
9/10/18 23:00,3.92,17
9/11/18 0:00,3.67,17.1
9/11/18 1:00,3.43,17.2
9/11/18 2:00,3.22,17.5
9/11/18 3:00,3.02,18.1
9/11/18 4:00,2.82,18.3
9/11/18 5:00,2.62,18.4
9/11/18 6:00,2.49,18.8
9/11/18 7:00,2.4,19
9/11/18 8:00,2.37,18.9
9/11/18 9:00,2.45,18.6
9/11/18 10:00,2.64,18.4
9/11/18 11:00,3.01,18.8
9/11/18 12:00,4.33,18.9
9/11/18 13:00,5.82,19.1
9/11/18 14:00,7.32,19.2
9/11/18 15:00,8.51,19.3
9/11/18 16:00,9.21,19.6
9/11/18 17:00,9.09,19.3
9/11/18 18:00,7.74,19
9/11/18 19:00,6.09,18.3
9/11/18 20:00,5.04,17.6
9/11/18 21:00,4.37,17.3
9/11/18 22:00,3.88,17
9/11/18 23:00,3.51,17.2
9/12/18 0:00,3.19,17.4
9/12/18 1:00,2.98,17.5
9/12/18 2:00,2.82,17.7
9/12/18 3:00,2.76,17.9
9/12/18 4:00,2.65,18.4
9/12/18 5:00,2.53,18.6
9/12/18 6:00,2.37,18.9
9/12/18 7:00,2.21,19.3
9/12/18 8:00,2.12,19.4
9/12/18 9:00,2.08,19.2
9/12/18 10:00,2.1,19
9/12/18 11:00,2.56,19.1
9/12/18 12:00,3.76,18.8
9/12/18 13:00,4.83,18.7
9/12/18 14:00,5.84,18.9
9/12/18 15:00,6.14,19.9
9/12/18 16:00,6.22,19.8
9/12/18 17:00,5.94,19.7
9/12/18 18:00,5.43,19.3
9/12/18 19:00,4.79,19.2
9/12/18 20:00,4.18,19.4
9/12/18 21:00,3.85,19.2
9/12/18 22:00,3.62,18.8
9/12/18 23:00,3.4,19
9/13/18 0:00,3.18,18.7
9/13/18 1:00,2.96,18.9
9/13/18 2:00,2.77,19
9/13/18 3:00,2.64,19.4
9/13/18 4:00,2.51,19.7
9/13/18 5:00,2.41,19.9
9/13/18 6:00,2.28,20
9/13/18 7:00,2.08,20.1
9/13/18 8:00,1.88,20.1
9/13/18 9:00,1.74,20.1
9/13/18 10:00,1.65,20
9/13/18 11:00,2,19.8
9/13/18 12:00,3.43,19.5
9/13/18 13:00,4.89,19.3
9/13/18 14:00,6.41,19.4
9/13/18 15:00,7.04,20.6
9/13/18 16:00,7.73,19.9
9/13/18 17:00,7.56,20
9/13/18 18:00,6.72,19.6
9/13/18 19:00,5.59,19.4
9/13/18 20:00,4.62,19.1
9/13/18 21:00,4.03,18.8
9/13/18 22:00,3.63,18.3
9/13/18 23:00,3.33,18
9/14/18 0:00,3.1,18.1
9/14/18 1:00,2.92,18
9/14/18 2:00,2.73,18.3
9/14/18 3:00,2.55,18.4
9/14/18 4:00,2.33,18.5
9/14/18 5:00,2.14,18.6
9/14/18 6:00,1.96,18.9
9/14/18 7:00,1.81,19.4
9/14/18 8:00,1.69,19.1
9/14/18 9:00,1.59,19.1
9/14/18 10:00,1.5,19
9/14/18 11:00,1.83,19
9/14/18 12:00,3.31,19.2
9/14/18 13:00,4.85,18.7
9/14/18 14:00,6.41,18.8
9/14/18 15:00,7.61,19.2
9/14/18 16:00,8.38,19.7
9/14/18 17:00,8.61,19.9
9/14/18 18:00,7.65,20
9/14/18 19:00,6.19,19.7
9/14/18 20:00,5.07,19
9/14/18 21:00,4.28,18.6
9/14/18 22:00,3.76,18.3
9/14/18 23:00,3.42,18.1
9/15/18 0:00,3.18,18.2
9/15/18 1:00,2.99,18.2
9/15/18 2:00,2.81,18.4
9/15/18 3:00,2.65,18.7
9/15/18 4:00,2.49,19.3
9/15/18 5:00,2.35,19.6
9/15/18 6:00,2.25,19.8
9/15/18 7:00,2.15,20.1
9/15/18 8:00,2.11,20.1
9/15/18 9:00,2.12,19.7
9/15/18 10:00,2.15,19.5
9/15/18 11:00,2.57,19.6
9/15/18 12:00,4.13,19.9
9/15/18 13:00,5.57,19.4
9/15/18 14:00,7.03,19.5
9/15/18 15:00,8.26,20.2
9/15/18 16:00,9.1,21.2
9/15/18 17:00,9.33,20.2
9/15/18 18:00,8.14,19.8
9/15/18 19:00,6.55,19
9/15/18 20:00,5.69,18.2
9/15/18 21:00,5.2,17.7
9/15/18 22:00,4.95,17.5
9/15/18 23:00,4.7,17.4
9/16/18 0:00,4.48,17.5
9/16/18 1:00,4.26,17.6
9/16/18 2:00,4.17,17.7
9/16/18 3:00,4.05,17.9
9/16/18 4:00,3.96,18.1
9/16/18 5:00,3.83,18.2
9/16/18 6:00,3.7,18.3
9/16/18 7:00,3.55,18.5
9/16/18 8:00,3.37,18.5
9/16/18 9:00,3.17,18.6
9/16/18 10:00,3.03,18.5
9/16/18 11:00,3.21,18.6
9/16/18 12:00,4.53,18.3
9/16/18 13:00,5.76,18.2
9/16/18 14:00,6.9,18.4
9/16/18 15:00,7.75,18.8
9/16/18 16:00,7.78,19
9/16/18 17:00,7.52,18.7
9/16/18 18:00,6.58,18.5
9/16/18 19:00,5.59,18.3
9/16/18 20:00,4.78,18
9/16/18 21:00,4.2,17.7
9/16/18 22:00,3.77,17.2
9/16/18 23:00,3.46,17.2
9/17/18 0:00,3.23,17.3
9/17/18 1:00,3.1,17.6
9/17/18 2:00,2.96,18
9/17/18 3:00,2.74,18.3
9/17/18 4:00,2.56,18.4
9/17/18 5:00,2.4,18.8
9/17/18 6:00,2.23,18.9
9/17/18 7:00,2.06,19.2
9/17/18 8:00,1.91,19.3
9/17/18 9:00,1.82,19.2
9/17/18 10:00,1.78,19
9/17/18 11:00,2.06,19
9/17/18 12:00,3.59,18.9
9/17/18 13:00,4.93,19.1
9/17/18 14:00,6.26,18.5
9/17/18 15:00,7.58,20
9/17/18 16:00,8.55,19.5
9/17/18 17:00,8.71,19.5
9/17/18 18:00,7.74,19.3
9/17/18 19:00,6.35,19
9/17/18 20:00,5.28,19.1
9/17/18 21:00,4.55,18.5
9/17/18 22:00,4.04,18.1
9/17/18 23:00,3.64,18.1
9/18/18 0:00,3.3,18.2
9/18/18 1:00,3.06,18.1
9/18/18 2:00,2.92,18.4
9/18/18 3:00,2.92,18.7
9/18/18 4:00,2.93,19.2
9/18/18 5:00,2.99,19.4
9/18/18 6:00,3.02,19.9
9/18/18 7:00,2.96,20.1
9/18/18 8:00,2.85,19.8
9/18/18 9:00,2.74,19.7
9/18/18 10:00,2.65,19.6
9/18/18 11:00,2.85,19.5
9/18/18 12:00,4.33,19.1
9/18/18 13:00,5.41,19
9/18/18 14:00,6.51,18.9
9/18/18 15:00,7.81,19.6
9/18/18 16:00,8.39,20
9/18/18 17:00,8.46,20.1
9/18/18 18:00,7.42,19.6
9/18/18 19:00,6.1,19.3
9/18/18 20:00,5.07,19.2
9/18/18 21:00,4.36,18.9
9/18/18 22:00,3.89,18.5
9/18/18 23:00,3.56,18.2
9/19/18 0:00,3.3,18.3
9/19/18 1:00,3.06,18.5
9/19/18 2:00,2.85,18.8
9/19/18 3:00,2.66,18.9
9/19/18 4:00,2.51,19
9/19/18 5:00,2.31,19.3
9/19/18 6:00,2.14,19.7
9/19/18 7:00,1.95,20
9/19/18 8:00,1.79,20.1
9/19/18 9:00,1.67,19.6
9/19/18 10:00,1.61,19.7
9/19/18 11:00,1.78,19.9
9/19/18 12:00,3.31,19.7
9/19/18 13:00,4.66,19.8
9/19/18 14:00,6.17,19.1
9/19/18 15:00,7.65,19.8
9/19/18 16:00,8.8,20.2
9/19/18 17:00,8.83,20.5
9/19/18 18:00,8.22,20.4
9/19/18 19:00,7.04,19.7
9/19/18 20:00,6.14,19.4
9/19/18 21:00,5.56,19.1
9/19/18 22:00,5.18,18.8
9/19/18 23:00,4.89,18.5
9/20/18 0:00,4.63,18.4
9/20/18 1:00,4.4,18.4
9/20/18 2:00,4.01,18.6
9/20/18 3:00,3.56,19
9/20/18 4:00,3.22,19.2
9/20/18 5:00,2.89,19.4
9/20/18 6:00,2.52,19.7
9/20/18 7:00,2.16,19.9
9/20/18 8:00,1.77,19.8
9/20/18 9:00,1.36,19.8
9/20/18 10:00,1.06,19.5
9/20/18 11:00,0.99,19.5
9/20/18 12:00,2.39,19.7
9/20/18 13:00,3.31,19.7
9/20/18 14:00,4.36,18.9
9/20/18 15:00,5.11,19.5
9/20/18 16:00,5.77,20.1
9/20/18 17:00,5.89,20.3
9/20/18 18:00,5.08,21.3
9/20/18 19:00,4.57,21.8
9/20/18 20:00,3.66,22.4
9/20/18 21:00,2.88,22.4
9/20/18 22:00,2.24,22.3
9/20/18 23:00,1.7,22.2
9/21/18 0:00,1.33,21.9
9/21/18 1:00,1.05,21.7
9/21/18 2:00,0.83,21.7
9/21/18 3:00,0.69,21.8
9/21/18 4:00,0.58,22
9/21/18 5:00,0.43,22.1
9/21/18 6:00,0.31,22.2
9/21/18 7:00,0.21,22.7
9/21/18 8:00,0.17,22.7
9/21/18 9:00,0.14,22.7
9/21/18 10:00,0.13,22.7
9/21/18 11:00,0.15,22.7
9/21/18 12:00,1.65,22.2
9/21/18 13:00,2.81,22.5
9/21/18 14:00,3.96,22.4
9/21/18 15:00,4.91,21.4
9/21/18 16:00,5.49,23.3
9/21/18 17:00,5.89,22.4
9/21/18 18:00,5.39,22.9
9/21/18 19:00,4.75,23.8
9/21/18 20:00,3.97,23.7
9/21/18 21:00,3.35,24
9/21/18 22:00,2.84,23.9
9/21/18 23:00,2.39,23.7
9/22/18 0:00,2,23.2
9/22/18 1:00,1.73,22.9
9/22/18 2:00,1.47,22.9
9/22/18 3:00,1.26,22.7
9/22/18 4:00,1.13,22.9
9/22/18 5:00,0.99,23
9/22/18 6:00,0.85,23.1
9/22/18 7:00,0.76,23.4
9/22/18 8:00,0.69,23.5
9/22/18 9:00,0.69,23.5
9/22/18 10:00,0.68,23.3
9/22/18 11:00,0.75,22.8
9/22/18 12:00,2.24,22.5
9/22/18 13:00,3.38,22.3
9/22/18 14:00,4.3,22.2
9/22/18 15:00,5.45,22.1
9/22/18 16:00,6.22,22.7
9/22/18 17:00,6.41,23.7
9/22/18 18:00,6.12,23.9
9/22/18 19:00,5.57,24.7
9/22/18 20:00,4.73,25.2
9/22/18 21:00,3.95,24.8
9/22/18 22:00,3.38,23.8
9/22/18 23:00,2.93,23.3
9/23/18 0:00,2.6,23
9/23/18 1:00,2.35,22.8
9/23/18 2:00,2.23,22.7
9/23/18 3:00,2.1,23.3
9/23/18 4:00,2.08,22.8
9/23/18 5:00,2.02,23
9/23/18 6:00,1.95,23.3
9/23/18 7:00,1.95,23.4
9/23/18 8:00,1.91,23.1
9/23/18 9:00,1.9,22.9
9/23/18 10:00,2.03,22.7
9/23/18 11:00,2.16,22.4
9/23/18 12:00,3.14,22.1
9/23/18 13:00,3.85,22.1
9/23/18 14:00,4.28,22.7
9/23/18 15:00,4.67,22.7
9/23/18 16:00,4.7,22.9
9/23/18 17:00,4.67,23.4
9/23/18 18:00,4.48,23.5
9/23/18 19:00,4.15,24.4
9/23/18 20:00,3.8,24.7
9/23/18 21:00,3.43,25.5
9/23/18 22:00,2.99,25.5
9/23/18 23:00,2.59,25.3
9/24/18 0:00,2.27,24.8
9/24/18 1:00,1.99,24.5
9/24/18 2:00,1.74,24.7
9/24/18 3:00,1.41,24.6
9/24/18 4:00,1.05,24.3
9/24/18 5:00,0.67,24
9/24/18 6:00,0.32,24.3
9/24/18 7:00,0.03,24.5
,,
,,
,,
,,
,,
,,
,,
,,
,,
,,
,,
,,
,,
,,
,,
,,
,,
,,
,,
,,
,,
,,
,,
,,
,,
,,
,,
,,
,,
,,
,,
,,
,,
,,
,,
,,
,,
,,
,,
,,
,,
,,
,,
,,
,,
,,
,,
,,
,,
,,
,,
,,
,,
,,
,,
,,
,,
,,
,,
,,
,,
,,
,,
,,
,,
,,
,,
,,
,,
,,
,,
,,
,,
,,
,,
,,
,,
,,
,,
,,
,,
,,
,,
,,
,,
,,
,,
,,
,,
,,
,,
,,
,,
,,
,,
,,
,,
,,
,,
,,
,,
,,
,,
,,
,,
,,
,,
,,
,,
,,
,,
,,
,,
,,
,,
,,
,,
,,
,,
,,
,,
,,
,,
,,
,,
,,
,,
,,
,,
,,
,,
,,
,,
,,
,,
,,
,,
,,
,,
,,
,,
,,
,,
,,
,,
,,
,,
,,
,,
,,
,,
,,
,,
,,
,,
,,
,,
,,
,,
,,
,,
,,
,,
,,
,,
,,
,,
,,
,,
,,
,,
,,
,,
,,
,,
,,
,,
,,
,,
,,
,,
,,
,,
,,
,,
,,
,,
,,
,,
,,
,,
,,
,,
,,
,,
,,
,,
,,
,,
,,
,,
,,
,,
,,
,,
,,
,,
,,
,,
,,
,,
,,
,,
,,
,,
,,
,,
,,
,,
,,
,,
,,
,,
,,
,,
,,
,,
,,
,,
,,
,,
,,
,,
,,
,,
,,
,,
,,
,,
,,
,,
,,
,,
,,
,,
,,
,,
,,
,,
,,
,,
,,
,,
,,
,,
,,
,,
,,
,,
,,
,,
,,
,,
,,
,,
,,
,,
,,
,,
,,
,,
,,
,,
,,
,,
,,
,,
,,
,,
,,
,,
,,
,,
,,
,,
,,
,,
,,
,,
,,
,,
,,
,,
,,
,,
,,
,,
,,
,,
,,
,,
,,
,,
,,
,,
,,
,,
,,
,,
,,
,,
,,
,,
,,
,,
,,
,,
,,
,,
,,
,,
,,
,,
,,
,,
,,
,,
,,
,,
,,
,,
,,
,,
,,
,,
,,
,,
,,
,,
,,
,,
,,
,,
,,
,,
,,
,,
,,
,,
,,
,,
,,
,,
,,
,,
,,
,,
,,
,,
,,
,,
,,
,,
,,
,,
,,
,,
,,
,,
,,
,,
,,
,,
,,
,,
,,
,,
,,
,,
,,
,,
,,
,,
,,
,,
,,
,,
,,
,,
,,
,,
,,
,,
,,
,,
,,
,,
,,
,,
,,
,,
,,
,,
,,
,,
,,
,,
,,
,,
,,
,,
,,
,,
,,
,,
,,
,,
,,
,,
,,
,,
,,
,,
,,
,,
,,
,,
,,
,,
,,
,,
,,
,,
,,
,,
,,
,,
,,
,,
,,
,,
,,
,,
,,
,,
,,
,,
,,
,,
,,
,,
,,
,,
,,
,,
,,
,,
,,
,,
,,
,,
,,
,,
,,
,,
,,
,,
,,
,,
,,
,,
,,
,,
,,
,,
,,
,,
,,
,,
,,
,,
,,
,,
,,
,,
,,
,,
,,
,,
,,
,,
,,
,,
,,
,,
,,
,,
,,
,,
,,
,,
,,
,,
,,
,,
,,
,,
,,
,,
,,
,,
,,
,,
,,
,,
,,
,,
,,
,,
,,
,,
,,
,,
,,
,,
,,
,,
,,
,,
,,
,,
,,
,,
,,
,,
,,
,,
,,
,,
,,
,,
,,
,,
,,
,,
,,
,,
,,
,,
,,
,,
,,
,,
,,
,,
,,
,,
,,
,,
,,
,,
,,
,,
,,
,,
,,
,,
,,
,,
,,
,,
,,
,,
,,
,,
,,
,,
,,
,,
,,
,,
,,
,,
,,
,,
,,
,,
,,
,,
,,
,,
,,
,,
,,
,,
,,
,,
,,
,,
,,
,,
,,
,,
,,
,,
,,
,,
,,
,,
,,
,,
,,
,,
,,
,,
,,
,,
,,
,,
,,
,,
,,
,,
,,
,,
,,
,,
,,
,,
,,
,,
,,
,,
,,
,,
,,
,,
,,
,,
,,
,,
,,
,,
,,
,,
,,
,,
,,
,,
,,
,,
,,
,,
,,
,,
,,
,,
,,
,,
,,
,,
,,
,,
,,
,,
,,
,,
,,
,,
,,
,,
,,
,,
,,
,,
,,
,,
,,
,,
,,
,,
,,
,,
,,
,,
,,
,,
,,
,,
,,
,,
,,
,,
,,
,,
,,
,,
,,
,,
,,
,,
,,
,,
,,
,,
,,
,,
,,
,,
,,
,,
,,
,,
,,
,,
,,
,,
,,
,,
,,
,,
,,
,,
,,
,,
,,
,,
,,
,,
,,
,,
,,
,,
,,
,,
,,
,,
,,
,,
,,
,,
,,
,,
,,
,,
,,
,,
,,
,,
,,
,,
,,
,,
,,
,,
,,
,,
,,
,,
,,
,,
,,
,,
,,
,,
,,
,,
,,
,,
,,
,,
,,
,,
,,
,,
,,
,,
,,
,,
,,
,,
,,
,,
,,
,,
,,
,,
,,
,,
,,
,,
,,
,,
,,
,,
,,
,,
,,
,,
,,
,,
,,
,,
,,
,,
,,
,,
,,
,,
,,
,,
,,
,,
,,
,,
,,
,,
,,
,,
,,
,,
,,
,,
,,
,,
,,
,,
,,
,,
,,
,,
,,
,,
,,
,,
,,
,,
,,
,,
,,
,,
,,
,,
,,
,,
,,
,,
,,
,,
,,
,,
,,
,,
,,
,,
,,
,,
,,
,,
,,
,,
,,
,,
,,
,,
,,
,,
,,
,,
,,
,,
,,
,,
,,
,,
,,
,,
,,
,,
,,
,,
,,
,,
,,
,,
,,
,,
,,
,,
,,
,,
,,
,,
,,
,,
,,
,,
,,
,,
,,
,,
,,
,,
,,
,,
,,
,,
,,
,,
,,
,,
,,
,,
,,
,,
,,
,,
,,
,,
,,
,,
,,
,,
,,
,,
,,
,,
,,
,,
,,
,,
,,
,,
,,
,,
,,
,,
,,
,,
,,
,,
,,
,,
,,
,,
,,
,,
,,
,,
,,
,,
,,
,,
,,
,,
,,
,,
,,
,,
,,
,,
,,
,,
,,
,,
,,
,,
,,
,,
,,
,,
,,
,,
,,
,,
,,
,,
,,
,,
,,
,,
,,
,,
,,
,,
,,
,,
,,
,,
,,
,,
,,
,,
,,
,,
,,
,,
,,
,,
,,
,,
,,
,,
,,
,,
,,
,,
,,
,,
,,
,,
,,
,,
,,
,,
,,
,,
,,
,,
,,
,,
,,
,,
,,
,,
,,
,,
,,
,,
,,
,,
,,
,,
,,
,,
,,
,,
,,
,,
,,
,,
,,
,,
,,
,,
,,
,,
,,
,,
,,
,,
,,
,,
,,
,,
,,
,,
,,
,,
,,
,,
,,
,,
,,
,,
,,
,,
,,
,,
,,
,,
,,
,,
,,
,,
,,
,,
,,
,,
,,
,,
,,
,,
,,
,,
,,
,,
,,
,,
,,
,,
,,
,,
,,
,,
,,
,,
,,
,,
,,
,,
,,
,,
,,
,,
,,
,,
,,
,,
,,
,,
,,
,,
,,
,,
,,
,,
,,
,,
,,
,,
,,
,,
,,
,,
,,
,,
,,
,,
,,
,,
,,
,,
,,
,,
,,
,,
,,
,,
,,
,,
,,
,,
,,
,,
,,
,,
,,
,,
,,
,,
,,
,,
,,
,,
,,
,,
,,
,,
,,
,,
,,
,,
,,
,,
,,
,,
,,
,,
,,
,,
,,
,,
,,
,,
,,
,,
,,
,,
,,
,,
,,
,,
,,
,,
,,
,,
,,
,,
,,
,,
,,
,,
,,
,,
,,
,,
,,
,,
,,
,,
,,
,,
,,
,,
,,
,,
,,
,,
,,
,,
,,
,,
,,
,,
,,
,,
,,
,,
,,
,,
,,
,,
,,
,,
,,
,,
,,
,,
,,
,,
,,
,,
,,
,,
,,
,,
,,
,,
,,
,,
,,
,,
,,
,,
,,
,,
,,
,,
,,
,,
,,
,,
,,
,,
,,
,,
,,
,,
,,
,,
,,
,,
,,
,,
,,
,,
,,
,,
,,
,,
,,
,,
,,
,,
,,
,,
,,
,,
,,
,,
,,
,,
,,
,,
,,
,,
,,
,,
,,
,,
,,
,,
,,
,,
,,
,,
,,
,,
,,
,,
,,
,,
,,
,,
,,
,,
,,
,,
,,
,,
,,
,,
,,
,,
,,
,,
,,
,,
,,
,,
,,
,,
,,
,,
,,
,,
,,
,,
,,
,,
,,
,,
,,
,,
,,
,,
,,
,,
,,
,,
,,
,,
,,
,,
,,
,,
,,
,,
,,
,,
,,
,,
,,
,,
,,
,,
,,
,,
,,
,,
,,
,,
,,
,,
,,
,,
,,
,,
,,
,,
,,
,,
,,
,,
,,
,,
,,
,,
,,
,,
,,
,,
,,
,,
,,
,,
,,
,,
,,
,,
,,
,,
,,
,,
,,
,,
,,
,,
,,
,,
,,
,,
,,
,,
,,
,,
,,
,,
,,
,,
,,
,,
,,
,,
,,
,,
,,
,,
,,
,,
,,
,,
,,
,,
,,
,,
,,
,,
,,
,,
,,
,,
,,
,,
,,
,,
,,
,,
,,
,,
,,
,,
,,
,,
,,
,,
,,
,,
,,
,,
,,
,,
,,
,,
,,
,,
,,
,,
,,
,,
,,
,,
,,
,,
,,
,,
,,
,,
,,
,,
,,
,,
,,
,,
,,
,,
,,
,,
,,
,,
,,
,,
,,
,,
,,
,,
,,
,,
,,
,,
,,
,,
,,
,,
,,
,,
,,
,,
,,
,,
,,
,,
,,
,,
,,
,,
,,
,,
,,
,,
,,
,,
,,
,,
,,
,,
,,
,,
,,
,,
,,
,,
,,
,,
,,
,,
,,
,,
,,
,,
,,
,,
,,
,,
,,
,,
,,
,,
,,
,,
,,
,,
,,
,,
,,
,,
,,
,,
,,
,,
,,
,,
,,
,,
,,
,,
,,
,,
,,
,,
,,
,,
,,
,,
,,
,,
,,
,,
,,
,,
,,
,,
,,
,,
,,
,,
,,
,,
,,
,,
,,
,,
,,
,,
,,
,,
,,
,,
,,
,,
,,
,,
,,
,,
,,
,,
,,
,,
,,
,,
,,
,,
,,
,,
,,
,,
,,
,,
,,
,,
,,
,,
,,
,,
,,
,,
,,
,,
,,
,,
,,
,,
,,
,,
,,
,,
,,
,,
,,
,,
,,
,,
,,
,,
,,
,,
,,
,,
,,
,,
,,
,,
,,
,,
,,
,,
,,
,,
,,
,,
,,
,,
,,
,,
,,
,,
,,
,,
,,
,,
,,
,,
,,
,,
,,
,,
,,
,,
,,
,,
,,
,,
,,
,,
,,
,,
,,
,,
,,
,,
,,
,,
,,
,,
,,
,,
,,
,,
,,
,,
,,
,,
,,
,,
,,
,,
,,
,,
,,
,,
,,
,,
,,
,,
,,
,,
,,
,,
,,
,,
,,
,,
,,
,,
,,
,,
,,
,,
,,
,,
,,
,,
,,
,,
,,
,,
,,
,,
,,
,,
,,
,,
,,
,,
,,
,,
,,
,,
,,
,,
,,
,,
,,
,,
,,
,,
,,
,,
,,
,,
,,
,,
,,
,,
,,
,,
,,
,,
,,
,,
,,
,,
,,
,,
,,
,,
,,
,,
,,
,,
,,
,,
,,
,,
,,
,,
,,
,,
,,
,,
,,
,,
,,
,,
,,
,,
,,
,,
,,
,,
,,
,,
,,
,,
,,
,,
,,
,,
,,
,,
,,
,,
,,
,,
,,
,,
,,
,,
,,
,,
,,
,,
,,
,,
,,
,,
,,
,,
,,
,,
,,
,,
,,
,,
,,
,,
,,
,,
,,
,,
,,
,,
,,
,,
,,
,,
,,
,,
,,
,,
,,
,,
,,
,,
,,
,,
,,
,,
,,
,,
,,
,,
,,
,,
,,
,,
,,
,,
,,
,,
,,
,,
,,
,,
,,
,,
,,
,,
,,
,,
,,
,,
,,
,,
,,
,,
,,
,,
,,
,,
,,
,,
,,
,,
,,
,,
,,
,,
,,
,,
,,
,,
,,
,,
,,
,,
,,
,,
,,
,,
,,
,,
,,
,,
,,
,,
,,
,,
,,
,,
,,
,,
,,
,,
,,
,,
,,
,,
,,
,,
,,
,,
,,
,,
,,
,,
,,
,,
,,
,,
,,
,,
,,
,,
,,
,,
,,
,,
,,
,,
,,
,,
,,
,,
,,
,,
,,
,,
,,
,,
,,
,,
,,
,,
,,
,,
,,
,,
,,
,,
,,
,,
,,
,,
,,
,,
,,
,,
,,
,,
,,
,,
,,
,,
,,
,,
,,
,,
,,
,,
,,
,,
,,
,,
,,
,,
,,
,,
,,
,,
,,
,,
,,
,,
,,
,,
,,
,,
,,
,,
,,
,,
,,
,,
,,
,,
,,
,,
,,
,,
,,
,,
,,
,,
,,
,,
,,
,,
,,
,,
,,
,,
,,
,,
,,
,,
,,
,,
,,
,,
,,
,,
,,
,,
,,
,,
,,
,,
,,
,,
,,
,,
,,
,,
,,
,,
,,
,,
,,
,,
,,
,,
,,
,,
,,
,,
,,
,,
,,
,,
,,
,,
,,
,,
,,
,,
,,
,,
,,
,,
,,
,,
,,
,,
,,
,,
,,
,,
,,
,,
,,
,,
,,
,,
,,
,,
,,
,,
,,
,,
,,
,,
,,
,,
,,
,,
,,
,,
,,
,,
,,
,,
,,
,,
,,
,,
,,
,,
,,
,,
,,
,,
,,
,,
,,
,,
,,
,,
,,
,,
,,
,,
,,
,,
,,
,,
,,
,,
,,
,,
,,
,,
,,
,,
,,
,,
,,
,,
,,
,,
,,
,,
,,
,,
,,
,,
,,
,,
,,
,,
,,
,,
,,
,,
,,
,,
,,
,,
,,
,,
,,
,,
,,
,,
,,
,,
,,
,,
,,
,,
,,
,,
,,
,,
,,
,,
,,
,,
,,
,,
,,
,,
,,
,,
,,
,,
,,
,,
,,
,,
,,
,,
,,
,,
,,
,,
,,
,,
,,
,,
,,
,,
,,
,,
,,
,,
,,
,,
,,
,,
,,
,,
,,
,,
,,
,,
,,
,,
,,
,,
,,
,,
,,
,,
,,
,,
,,
,,
,,
,,
,,
,,
,,
,,
,,
,,
,,
,,
,,
,,
,,
,,
,,
,,
,,
,,
,,
,,
,,
,,
,,
,,
,,
,,
,,
,,
,,
,,
,,
,,
,,
,,
,,
,,
,,
,,
,,
,,
,,
,,
,,
,,
,,
,,
,,
,,
,,
,,
,,
,,
,,
,,
,,
,,
,,
,,
,,
,,
,,
,,
,,
,,
,,
,,
,,
,,
,,
,,
,,
,,
,,
,,
,,
,,
,,
,,
,,
,,
,,
,,
,,
,,
,,
,,
,,
,,
,,
,,
,,
,,
,,
,,
,,
,,
,,
,,
,,
,,
,,
,,
,,
,,
,,
,,
,,
,,
,,
,,
,,
,,
,,
,,
,,
,,
,,
,,
,,
,,
,,
,,
,,
,,
,,
,,
,,
,,
,,
,,
,,
,,
,,
,,
,,
,,
,,
,,
,,
,,
,,
,,
,,
,,
,,
,,
,,
,,
,,
,,
,,
,,
,,
,,
,,
,,
,,
,,
,,
,,
,,
,,
,,
,,
,,
,,
,,
,,
,,
,,
,,
,,
,,
,,
,,
,,
,,
,,
,,
,,
,,
,,
,,
,,
,,
,,
,,
,,
,,
,,
,,
,,
,,
,,
,,
,,
,,
,,
,,
,,
,,
,,
,,
,,
,,
,,
,,
,,
,,
,,
,,
,,
,,
,,
,,
,,
,,
,,
,,
,,
,,
,,
,,
,,
,,
,,
,,
,,
,,
,,
,,
,,
,,
,,
,,
,,
,,
,,
,,
,,
,,
,,
,,
,,
,,
,,
,,
,,
,,
,,
,,
,,
,,
,,
,,
,,
,,
,,
,,
,,
,,
,,
,,
,,
,,
,,
,,
,,
,,
,,
,,
,,
,,
,,
,,
,,
,,
,,
,,
,,
,,
,,
,,
,,
,,
,,
,,
,,
,,
,,
,,
,,
,,
,,
,,
,,
,,
,,
,,
,,
,,
,,
,,
,,
,,
,,
,,
,,
,,
,,
,,
,,
,,
,,
,,
,,
,,
,,
,,
,,
,,
,,
,,
,,
,,
,,
,,
,,
,,
,,
,,
,,
,,
,,
,,
,,
,,
,,
,,
,,
,,
,,
,,
,,
,,
,,
,,
,,
,,
,,
,,
,,
,,
,,
,,
,,
,,
,,
,,
,,
,,
,,
,,
,,
,,
,,
,,
,,
,,
,,
,,
,,
,,
,,
,,
,,
,,
,,
,,
,,
,,
,,
,,
,,
,,
,,
,,
,,
,,
,,
,,
,,
,,
,,
,,
,,
,,
,,
,,
,,
,,
,,
,,
,,
,,
,,
,,
,,
,,
,,
,,
,,
,,
,,
,,
,,
,,
,,
,,
,,
,,
,,
,,
,,
,,
,,
,,
,,
,,
,,
,,
,,
,,
,,
,,
,,
,,
,,
,,
,,
,,
,,
,,
,,
,,
,,
,,
,,
,,
,,
,,
,,
,,
,,
,,
,,
,,
,,
,,
,,
,,
,,
,,
,,
,,
,,
,,
,,
,,
,,
,,
,,
,,
,,
,,
,,
,,
,,
,,
,,
,,
,,
,,
,,
,,
,,
,,
,,
,,
,,
,,
,,
,,
,,
,,
,,
,,
,,
,,
,,
,,
,,
,,
,,
,,
,,
,,
,,
,,
,,
,,
,,
,,
,,
,,
,,
,,
,,
,,
,,
,,
,,
,,
,,
,,
,,
,,
,,
,,
,,
,,
,,
,,
,,
,,
,,
,,
,,
,,
,,
,,
,,
,,
,,
,,
,,
,,
,,
,,
,,
,,
,,
,,
,,
,,
,,
,,
,,
,,
,,
,,
,,
,,
,,
,,
,,
,,
,,
,,
,,
,,
,,
,,
,,
,,
,,
,,
,,
,,
,,
,,
,,
,,
,,
,,
,,
,,
,,
,,
,,
,,
,,
,,
,,
,,
,,
,,
,,
,,
,,
,,
,,
,,
,,
,,
,,
,,
,,
,,
,,
,,
,,
,,
,,
,,
,,
,,
,,
,,
,,
,,
,,
,,
,,
,,
,,
,,
,,
,,
,,
,,
,,
,,
,,
,,
,,
,,
,,
,,
,,
,,
,,
,,
,,
,,
,,
,,
,,
,,
,,
,,
,,
,,
,,
,,
,,
,,
,,
,,
,,
,,
,,
,,
,,
,,
,,
,,
,,
,,
,,
,,
,,
,,
,,
,,
,,
,,
,,
,,
,,
,,
,,
,,
,,
,,
,,
,,
,,
,,
,,
,,
,,
,,
,,
,,
,,
,,
,,
,,
,,
,,
,,
,,
,,
,,
,,
,,
,,
,,
,,
,,
,,
,,
,,
,,
,,
,,
,,
,,
,,
,,
,,
,,
,,
,,
,,
,,
,,
,,
,,
,,
,,
,,
,,
,,
,,
,,
,,
,,
,,
,,
,,
,,
,,
,,
,,
,,
,,
,,
,,
,,
,,
,,
,,
,,
,,
,,
,,
,,
,,
,,
,,
,,
,,
,,
,,
,,
,,
,,
,,
,,
,,
,,
,,
,,
,,
,,
,,
,,
,,
,,
,,
,,
,,
,,
,,
,,
,,
,,
,,
,,
,,
,,
,,
,,
,,
,,
,,
,,
,,
,,
,,
,,
,,
,,
,,
,,
,,
,,
,,
,,
,,
,,
,,
,,
,,
,,
,,
,,
,,
,,
,,
,,
,,
,,
,,
,,
,,
,,
,,
,,
,,
,,
,,
,,
,,
,,
,,
,,
,,
,,
,,
,,
,,
,,
,,
,,
,,
,,
,,
,,
,,
,,
,,
,,
,,
,,
,,
,,
,,
,,
,,
,,
,,
,,
,,
,,
,,
,,
,,
,,
,,
,,
,,
,,
,,
,,
,,
,,
,,
,,
,,
,,
,,
,,
,,
,,
,,
,,
,,
,,
,,
,,
,,
,,
,,
,,
,,
,,
,,
,,
,,
,,
,,
,,
,,
,,
,,
,,
,,
,,
,,
,,
,,
,,
,,
,,
,,
,,
,,
,,
,,
,,
,,
,,
,,
,,
,,
,,
,,
,,
,,
,,
,,
,,
,,
,,
,,
,,
,,
,,
,,
,,
,,
,,
,,
,,
,,
,,
,,
,,
,,
,,
,,
,,
,,
,,
,,
,,
,,
,,
,,
,,
,,
,,
,,
,,
,,
,,
,,
,,
,,
,,
,,
,,
,,
,,
,,
,,
,,
,,
,,
,,
,,
,,
,,
,,
,,
,,
,,
,,
,,
,,
,,
,,
,,
,,
,,
,,
,,
,,
,,
,,
,,
,,
,,
,,
,,
,,
,,
,,
,,
,,
,,
,,
,,
,,
,,
,,
,,
,,
,,
,,
,,
,,
,,
,,
,,
,,
,,
,,
,,
,,
,,
,,
,,
,,
,,
,,
,,
,,
,,
,,
,,
,,
,,
,,
,,
,,
,,
,,
,,
,,
,,
,,
,,
,,
,,
,,
,,
,,
,,
,,
,,
,,
,,
,,
,,
,,
,,
,,
,,
,,
,,
,,
,,
,,
,,
,,
,,
,,
,,
,,
,,
,,
,,
,,
,,
,,
,,
,,
,,
,,
,,
,,
,,
,,
,,
,,
,,
,,
,,
,,
,,
,,
,,
,,
,,
,,
,,
,,
,,
,,
,,
,,
,,
,,
,,
,,
,,
,,
,,
,,
,,
,,
,,
,,
,,
,,
,,
,,
,,
,,
,,
,,
,,
,,
,,
,,
,,
,,
,,
,,
,,
,,
,,
,,
,,
,,
,,
,,
,,
,,
,,
,,
,,
,,
,,
,,
,,
,,
,,
,,
,,
,,
,,
,,
,,
,,
,,
,,
,,
,,
,,
,,
,,
,,
,,
,,
,,
,,
,,
,,
,,
,,
,,
,,
,,
,,
,,
,,
,,
,,
,,
,,
,,
,,
,,
,,
,,
,,
,,
,,
,,
,,
,,
,,
,,
,,
,,
,,
,,
,,
,,
,,
,,
,,
,,
,,
,,
,,
,,
,,
,,
,,
,,
,,
,,
,,
,,
,,
,,
,,
,,
,,
,,
,,
,,
,,
,,
,,
,,
,,
,,
,,
,,
,,
,,
,,
,,
,,
,,
,,
,,
,,
,,
,,
,,
,,
,,
,,
,,
,,
,,
,,
,,
,,
,,
,,
,,
,,
,,
,,
,,
,,
,,
,,
,,
,,
,,
,,
,,
,,
,,
,,
,,
,,
,,
,,
,,
,,
,,
,,
,,
,,
,,
,,
,,
,,
,,
,,
,,
,,
,,
,,
,,
,,
,,
,,
,,
,,
,,
,,
,,
,,
,,
,,
,,
,,
,,
,,
,,
,,
,,
,,
,,
,,
,,
,,
,,
,,
,,
,,
,,
,,
,,
,,
,,
,,
,,
,,
,,
,,
,,
,,
,,
,,
,,
,,
,,
,,
,,
,,
,,
,,
,,
,,
,,
,,
,,
,,
,,
,,
,,
,,
,,
,,
,,
,,
,,
,,
,,
,,
,,
,,
,,
,,
,,
,,
,,
,,
,,
,,
,,
,,
,,
,,
,,
,,
,,
,,
,,
,,
,,
,,
,,
,,
,,
,,
,,
,,
,,
,,
,,
,,
,,
,,
,,
,,
,,
,,
,,
,,
,,
,,
,,
,,
,,
,,
,,
,,
,,
,,
,,
,,
,,
,,
,,
,,
,,
,,
,,
,,
,,
,,
,,
,,
,,
,,
,,
,,
,,
,,
,,
,,
,,
,,
,,
,,
,,
,,
,,
,,
,,
,,
,,
,,
,,
,,
,,
,,
,,
,,
,,
,,
,,
,,
,,
,,
,,
,,
,,
,,
,,
,,
,,
,,
,,
,,
,,
,,
,,
,,
,,
,,
,,
,,
,,
,,
,,
,,
,,
,,
,,
,,
,,
,,
,,
,,
,,
,,
,,
,,
,,
,,
,,
,,
,,
,,
,,
,,
,,
,,
,,
,,
,,
,,
,,
,,
,,
,,
,,
,,
,,
,,
,,
,,
,,
,,
,,
,,
,,
,,
,,
,,
,,
,,
,,
,,
,,
,,
,,
,,
,,
,,
,,
,,
,,
,,
,,
,,
,,
,,
,,
,,
,,
,,
,,
,,
,,
,,
,,
,,
,,
,,
,,
,,
,,
,,
,,
,,
,,
,,
,,
,,
,,
,,
,,
,,
,,
,,
,,
,,
,,
,,
,,
,,
,,
,,
,,
,,
,,
,,
,,
,,
,,
,,
,,
,,
,,
,,
,,
,,
,,
,,
,,
,,
,,
,,
,,
,,
,,
,,
,,
,,
,,
,,
,,
,,
,,
,,
,,
,,
,,
,,
,,
,,
,,
,,
,,
,,
,,
,,
,,
,,
,,
,,
,,
,,
,,
,,
,,
,,
,,
,,
,,
,,
,,
,,
,,
,,
,,
,,
,,
,,
,,
,,
,,
,,
,,
,,
,,
,,
,,
,,
,,
,,
,,
,,
,,
,,
,,
,,
,,
,,
,,
,,
,,
,,
,,
,,
,,
,,
,,
,,
,,
,,
,,
,,
,,
,,
,,
,,
,,
,,
,,
,,
,,
,,
,,
,,
,,
,,
,,
,,
,,
,,
,,
,,
,,
,,
,,
,,
,,
,,
,,
,,
,,
,,
,,
,,
,,
,,
,,
,,
,,
,,
,,
,,
,,
,,
,,
,,
,,
,,
,,
,,
,,
,,
,,
,,
,,
,,
,,
,,
,,
,,
,,
,,
,,
,,
,,
,,
,,
,,
,,
,,
,,
,,
,,
,,
,,
,,
,,
,,
,,
,,
,,
,,
,,
,,
,,
,,
,,
,,
,,
,,
,,
,,
,,
,,
,,
,,
,,
,,
,,
,,
,,
,,
,,
,,
,,
,,
,,
,,
,,
,,
,,
,,
,,
,,
,,
,,
,,
,,
,,
,,
,,
,,
,,
,,
,,
,,
,,
,,
,,
,,
,,
,,
,,
,,
,,
,,
,,
,,
,,
,,
,,
,,
,,
,,
,,
,,
,,
,,
,,
,,
,,
,,
,,
,,
,,
,,
,,
,,
,,
,,
,,
,,
,,
,,
,,
,,
,,
,,
,,
,,
,,
,,
,,
,,
,,
,,
,,
,,
,,
,,
,,
,,
,,
,,
,,
,,
,,
,,
,,
,,
,,
,,
,,
,,
,,
,,
,,
,,
,,
,,
,,
,,
,,
,,
,,
,,
,,
,,
,,
,,
,,
,,
,,
,,
,,
,,
,,
,,
,,
,,
,,
,,
,,
,,
,,
,,
,,
,,
,,
,,
,,
,,
,,
,,
,,
,,
,,
,,
,,
,,
,,
,,
,,
,,
,,
,,
,,
,,
,,
,,
,,
,,
,,
,,
,,
,,
,,
,,
,,
,,
,,
,,
,,
,,
,,
,,
,,
,,
,,
,,
,,
,,
,,
,,
,,
,,
,,
,,
,,
,,
,,
,,
,,
,,
,,
,,
,,
,,
,,
,,
,,
,,
,,
,,
,,
,,
,,
,,
,,
,,
,,
,,
,,
,,
,,
,,
,,
,,
,,
,,
,,
,,
,,
,,
,,
,,
,,
,,
,,
,,
,,
,,
,,
,,
,,
,,
,,
,,
,,
,,
,,
,,
,,
,,
,,
,,
,,
,,
,,
,,
,,
,,
,,
,,
,,
,,
,,
,,
,,
,,
,,
,,
,,
,,
,,
,,
,,
,,
,,
,,
,,
,,
,,
,,
,,
,,
,,
,,
,,
,,
,,
,,
,,
,,
,,
,,
,,
,,
,,
,,
,,
,,
,,
,,
,,
,,
,,
,,
,,
,,
,,
,,
,,
,,
,,
,,
,,
,,
,,
,,
,,
,,
,,
,,
,,
,,
,,
,,
,,
,,
,,
,,
,,
,,
,,
,,
,,
,,
,,
,,
,,
,,
,,
,,
,,
,,
,,
,,
,,
,,
,,
,,
,,
,,
,,
,,
,,
,,
,,
,,
,,
,,
,,
,,
,,
,,
,,
,,
,,
,,
,,
,,
,,
,,
,,
,,
,,
,,
,,
,,
,,
,,
,,
,,
,,
,,
,,
,,
,,
,,
,,
,,
,,
,,
,,
,,
,,
,,
,,
,,
,,
,,
,,
,,
,,
,,
,,
,,
,,
,,
,,
,,
,,
,,
,,
,,
,,
,,
,,
,,
,,
,,
,,
,,
,,
,,
,,
,,
,,
,,
,,
,,
,,
,,
,,
,,
,,
,,
,,
,,
,,
,,
,,
,,
,,
,,
,,
,,
,,
,,
,,
,,
,,
,,
,,
,,
,,
,,
,,
,,
,,
,,
,,
,,
,,
,,
,,
,,
,,
,,
,,
,,
,,
,,
,,
,,
,,
,,
,,
,,
,,
,,
,,
,,
,,
,,
,,
,,
,,
,,
,,
,,
,,
,,
,,
,,
,,
,,
,,
,,
,,
,,
,,
,,
,,
,,
,,
,,
,,
,,
,,
,,
,,
,,
,,
,,
,,
,,
,,
,,
,,
,,
,,
,,
,,
,,
,,
,,
,,
,,
,,
,,
,,
,,
,,
,,
,,
,,
,,
,,
,,
,,
,,
,,
,,
,,
,,
,,
,,
,,
,,
,,
,,
,,
,,
,,
,,
,,
,,
,,
,,
,,
,,
,,
,,
,,
,,
,,
,,
,,
,,
,,
,,
,,
,,
,,
,,
,,
,,
,,
,,
,,
,,
,,
,,
,,
,,
,,
,,
,,
,,
,,
,,
,,
,,
,,
,,
,,
,,
,,
,,
,,
,,
,,
,,
,,
,,
,,
,,
,,
,,
,,
,,
,,
,,
,,
,,
,,
,,
,,
,,
,,
,,
,,
,,
,,
,,
,,
,,
,,
,,
,,
,,
,,
,,
,,
,,
,,
,,
,,
,,
,,
,,
,,
,,
,,
,,
,,
,,
,,
,,
,,
,,
,,
,,
,,
,,
,,
,,
,,
,,
,,
,,
,,
,,
,,
,,
,,
,,
,,
,,
,,
,,
,,
,,
,,
,,
,,
,,
,,
,,
,,
,,
,,
,,
,,
,,
,,
,,
,,
,,
,,
,,
,,
,,
,,
,,
,,
,,
,,
,,
,,
,,
,,
,,
,,
,,
,,
,,
,,
,,
,,
,,
,,
,,
,,
,,
,,
,,
,,
,,
,,
,,
,,
,,
,,
,,
,,
,,
,,
,,
,,
,,
,,
,,
,,
,,
,,
,,
,,
,,
,,
,,
,,
,,
,,
,,
,,
,,
,,
,,
,,
,,
,,
,,
,,
,,
,,
,,
,,
,,
,,
,,
,,
,,
,,
,,
,,
,,
,,
,,
,,
,,
,,
,,
,,
,,
,,
,,
,,
,,
,,
,,
,,
,,
,,
,,
,,
,,
,,
,,
,,
,,
,,
,,
,,
,,
,,
,,
,,
,,
,,
,,
,,
,,
,,
,,
,,
,,
,,
,,
,,
,,
,,
,,
,,
,,
,,
,,
,,
,,
,,
,,
,,
,,
,,
,,
,,
,,
,,
,,
,,
,,
,,
,,
,,
,,
,,
,,
,,
,,
,,
,,
,,
,,
,,
,,
,,
,,
,,
,,
,,
,,
,,
,,
,,
,,
,,
,,
,,
,,
,,
,,
,,
,,
,,
,,
,,
,,
,,
,,
,,
,,
,,
,,
,,
,,
,,
,,
,,
,,
,,
,,
,,
,,
,,
,,
,,
,,
,,
,,
,,
,,
,,
,,
,,
,,
,,
,,
,,
,,
,,
,,
,,
,,
,,
,,
,,
,,
,,
,,
,,
,,
,,
,,
,,
,,
,,
,,
,,
,,
,,
,,
,,
,,
,,
,,
,,
,,
,,
,,
,,
,,
,,
,,
,,
,,
,,
,,
,,
,,
,,
,,
,,
,,
,,
,,
,,
,,
,,
,,
,,
,,
,,
,,
,,
,,
,,
,,
,,
,,
,,
,,
,,
,,
,,
,,
,,
,,
,,
,,
,,
,,
,,
,,
,,
,,
,,
,,
,,
,,
,,
,,
,,
,,
,,
,,
,,
,,
,,
,,
,,
,,
,,
,,
,,
,,
,,
,,
,,
,,
,,
,,
,,
,,
,,
,,
,,
,,
,,
,,
,,
,,
,,
,,
,,
,,
,,
,,
,,
,,
,,
,,
,,
,,
,,
,,
,,
,,
,,
,,
,,
,,
,,
,,
,,
,,
,,
,,
,,
,,
,,
,,
,,
,,
,,
,,
,,
,,
,,
,,
,,
,,
,,
,,
,,
,,
,,
,,
,,
,,
,,
,,
,,
,,
,,
,,
,,
,,
,,
,,
,,
,,
,,
,,
,,
,,
,,
,,
,,
,,
,,
,,
,,
,,
,,
,,
,,
,,
,,
,,
,,
,,
,,
,,
,,
,,
,,
,,
,,
,,
,,
,,
,,
,,
,,
,,
,,
,,
,,
,,
,,
,,
,,
,,
,,
,,
,,
,,
,,
,,
,,
,,
,,
,,
,,
,,
,,
,,
,,
,,
,,
,,
,,
,,
,,
,,
,,
,,
,,
,,
,,
,,
,,
,,
,,
,,
,,
,,
,,
,,
,,
,,
,,
,,
,,
,,
,,
,,
,,
,,
,,
,,
,,
,,
,,
,,
,,
,,
,,
,,
,,
,,
,,
,,
,,
,,
,,
,,
,,
,,
,,
,,
,,
,,
,,
,,
,,
,,
,,
,,
,,
,,
,,
,,
,,
,,
,,
,,
,,
,,
,,
,,
,,
,,
,,
,,
,,
,,
,,
,,
,,
,,
,,
,,
,,
,,
,,
,,
,,
,,
,,
,,
,,
,,
,,
,,
,,
,,
,,
,,
,,
,,
,,
,,
,,
,,
,,
,,
,,
,,
,,
,,
,,
,,
,,
,,
,,
,,
,,
,,
,,
,,
,,
,,
,,
,,
,,
,,
,,
,,
,,
,,
,,
,,
,,
,,
,,
,,
,,
,,
,,
,,
,,
,,
,,
,,
,,
,,
,,
,,
,,
,,
,,
,,
,,
,,
,,
,,
,,
,,
,,
,,
,,
,,
,,
,,
,,
,,
,,
,,
,,
,,
,,
,,
,,
,,
,,
,,
,,
,,
,,
,,
,,
,,
,,
,,
,,
,,
,,
,,
,,
,,
,,
,,
,,
,,
,,
,,
,,
,,
,,
,,
,,
,,
,,
,,
,,
,,
,,
,,
,,
,,
,,
,,
,,
,,
,,
,,
,,
,,
,,
,,
,,
,,
,,
,,
,,
,,
,,
,,
,,
,,
,,
,,
,,
,,
,,
,,
,,
,,
,,
,,
,,
,,
,,
,,
,,
,,
,,
,,
,,
,,
,,
,,
,,
,,
,,
,,
,,
,,
,,
,,
,,
,,
,,
,,
,,
,,
,,
,,
,,
,,
,,
,,
,,
,,
,,
,,
,,
,,
,,
,,
,,
,,
,,
,,
,,
,,
,,
,,
,,
,,
,,
,,
,,
,,
,,
,,
,,
,,
,,
,,
,,
,,
,,
,,
,,
,,
,,
,,
,,
,,
,,
,,
,,
,,
,,
,,
,,
,,
,,
,,
,,
,,
,,
,,
,,
,,
,,
,,
,,
,,
,,
,,
,,
,,
,,
,,
,,
,,
,,
,,
,,
,,
,,
,,
,,
,,
,,
,,
,,
,,
,,
,,
,,
,,
,,
,,
,,
,,
,,
,,
,,
,,
,,
,,
,,
,,
,,
,,
,,
,,
,,
,,
,,
,,
,,
,,
,,
,,
,,
,,
,,
,,
,,
,,
,,
,,
,,
,,
,,
,,
,,
,,
,,
,,
,,
,,
,,
,,
,,
,,
,,
,,
,,
,,
,,
,,
,,
,,
,,
,,
,,
,,
,,
,,
,,
,,
,,
,,
,,
,,
,,
,,
,,
,,
,,
,,
,,
,,
,,
,,
,,
,,
,,
,,
,,
,,
,,
,,
,,
,,
,,
,,
,,
,,
,,
,,
,,
,,
,,
,,
,,
,,
,,
,,
,,
,,
,,
,,
,,
,,
,,
,,
,,
,,
,,
,,
,,
,,
,,
,,
,,
,,
,,
,,
,,
,,
,,
,,
,,
,,
,,
,,
,,
,,
,,
,,
,,
,,
,,
,,
,,
,,
,,
,,
,,
,,
,,
,,
,,
,,
,,
,,
,,
,,
,,
,,
,,
,,
,,
,,
,,
,,
,,
,,
,,
,,
,,
,,
,,
,,
,,
,,
,,
,,
,,
,,
,,
,,
,,
,,
,,
,,
,,
,,
,,
,,
,,
,,
,,
,,
,,
,,
,,
,,
,,
,,
,,
,,
,,
,,
,,
,,
,,
,,
,,
,,
,,
,,
,,
,,
,,
,,
,,
,,
,,
,,
,,
,,
,,
,,
,,
,,
,,
,,
,,
,,
,,
,,
,,
,,
,,
,,
,,
,,
,,
,,
,,
,,
,,
,,
,,
,,
,,
,,
,,
,,
,,
,,
,,
,,
,,
,,
,,
,,
,,
,,
,,
,,
,,
,,
,,
,,
,,
,,
,,
,,
,,
,,
,,
,,
,,
,,
,,
,,
,,
,,
,,
,,
,,
,,
,,
,,
,,
,,
,,
,,
,,
,,
,,
,,
,,
,,
,,
,,
,,
,,
,,
,,
,,
,,
,,
,,
,,
,,
,,
,,
,,
,,
,,
,,
,,
,,
,,
,,
,,
,,
,,
,,
,,
,,
,,
,,
,,
,,
,,
,,
,,
,,
,,
,,
,,
,,
,,
,,
,,
,,
,,
,,
,,
,,
,,
,,
,,
,,
,,
,,
,,
,,
,,
,,
,,
,,
,,
,,
,,
,,
,,
,,
,,
,,
,,
,,
,,
,,
,,
,,
,,
,,
,,
,,
,,
,,
,,
,,
,,
,,
,,
,,
,,
,,
,,
,,
,,
,,
,,
,,
,,
,,
,,
,,
,,
,,
,,
,,
,,
,,
,,
,,
,,
,,
,,
,,
,,
,,
,,
,,
,,
,,
,,
,,
,,
,,
,,
,,
,,
,,
,,
,,
,,
,,
,,
,,
,,
,,
,,
,,
,,
,,
,,
,,
,,
,,
,,
,,
,,
,,
,,
,,
,,
,,
,,
,,
,,
,,
,,
,,
,,
,,
,,
,,
,,
,,
,,
,,
,,
,,
,,
,,
,,
,,
,,
,,
,,
,,
,,
,,
,,
,,
,,
,,
,,
,,
,,
,,
,,
,,
,,
,,
,,
,,
,,
,,
,,
,,
,,
,,
,,
,,
,,
,,
,,
,,
,,
,,
,,
,,
,,
,,
,,
,,
,,
,,
,,
,,
,,
,,
,,
,,
,,
,,
,,
,,
,,
,,
,,
,,
,,
,,
,,
,,
,,
,,
,,
,,
,,
,,
,,
,,
,,
,,
,,
,,
,,
,,
,,
,,
,,
,,
,,
,,
,,
,,
,,
,,
,,
,,
,,
,,
,,
,,
,,
,,
,,
,,
,,
,,
,,
,,
,,
,,
,,
,,
,,
,,
,,
,,
,,
,,
,,
,,
,,
,,
,,
,,
,,
,,
,,
,,
,,
,,
,,
,,
,,
,,
,,
,,
,,
,,
,,
,,
,,
,,
,,
,,
,,
,,
,,
,,
,,
,,
,,
,,
,,
,,
,,
,,
,,
,,
,,
,,
,,
,,
,,
,,
,,
,,
,,
,,
,,
,,
,,
,,
,,
,,
,,
,,
,,
,,
,,
,,
,,
,,
,,
,,
,,
,,
,,
,,
,,
,,
,,
,,
,,
,,
,,
,,
,,
,,
,,
,,
,,
,,
,,
,,
,,
,,
,,
,,
,,
,,
,,
,,
,,
,,
,,
,,
,,
,,
,,
,,
,,
,,
,,
,,
,,
,,
,,
,,
,,
,,
,,
,,
,,
,,
,,
,,
,,
,,
,,
,,
,,
,,
,,
,,
,,
,,
,,
,,
,,
,,
,,
,,
,,
,,
,,
,,
,,
,,
,,
,,
,,
,,
,,
,,
,,
,,
,,
,,
,,
,,
,,
,,
,,
,,
,,
,,
,,
,,
,,
,,
,,
,,
,,
,,
,,
,,
,,
,,
,,
,,
,,
,,
,,
,,
,,
,,
,,
,,
,,
,,
,,
,,
,,
,,
,,
,,
,,
,,
,,
,,
,,
,,
,,
,,
,,
,,
,,
,,
,,
,,
,,
,,
,,
,,
,,
,,
,,
,,
,,
,,
,,
,,
,,
,,
,,
,,
,,
,,
,,
,,
,,
,,
,,
,,
,,
,,
,,
,,
,,
,,
,,
,,
,,
,,
,,
,,
,,
,,
,,
,,
,,
,,
,,
,,
,,
,,
,,
,,
,,
,,
,,
,,
,,
,,
,,
,,
,,
,,
,,
,,
,,
,,
,,
,,
,,
,,
,,
,,
,,
,,
,,
,,
,,
,,
,,
,,
,,
,,
,,
,,
,,
,,
,,
,,
,,
,,
,,
,,
,,
,,
,,
,,
,,
,,
,,
,,
,,
,,
,,
,,
,,
,,
,,
,,
,,
,,
,,
,,
,,
,,
,,
,,
,,
,,
,,
,,
,,
,,
,,
,,
,,
,,
,,
,,
,,
,,
,,
,,
,,
,,
,,
,,
,,
,,
,,
,,
,,
,,
,,
,,
,,
,,
,,
,,
,,
,,
,,
,,
,,
,,
,,
,,
,,
,,
,,
,,
,,
,,
,,
,,
,,
,,
,,
,,
,,
,,
,,
,,
,,
,,
,,
,,
,,
,,
,,
,,
,,
,,
,,
,,
,,
,,
,,
,,
,,
,,
,,
,,
,,
,,
,,
,,
,,
,,
,,
,,
,,
,,
,,
,,
,,
,,
,,
,,
,,
,,
,,
,,
,,
,,
,,
,,
,,
,,
,,
,,
,,
,,
,,
,,
,,
,,
,,
,,
,,
,,
,,
,,
,,
,,
,,
,,
,,
,,
,,
,,
,,
,,
,,
,,
,,
,,
,,
,,
,,
,,
,,
,,
,,
,,
,,
,,
,,
,,
,,
,,
,,
,,
,,
,,
,,
,,
,,
,,
,,
,,
,,
,,
,,
,,
,,
,,
,,
,,
,,
,,
,,
,,
,,
,,
,,
,,
,,
,,
,,
,,
,,
,,
,,
,,
,,
,,
,,
,,
,,
,,
,,
,,
,,
,,
,,
,,
,,
,,
,,
,,
,,
,,
,,
,,
,,
,,
,,
,,
,,
,,
,,
,,
,,
,,
,,
,,
,,
,,
,,
,,
,,
,,
,,
,,
,,
,,
,,
,,
,,
,,
,,
,,
,,
,,
,,
,,
,,
,,
,,
,,
,,
,,
,,
,,
,,
,,
,,
,,
,,
,,
,,
,,
,,
,,
,,
,,
,,
,,
,,
,,
,,
,,
,,
,,
,,
,,
,,
,,
,,
,,
,,
,,
,,
,,
,,
,,
,,
,,
,,
,,
,,
,,
,,
,,
,,
,,
,,
,,
,,
,,
,,
,,
,,
,,
,,
,,
,,
,,
,,
,,
,,
,,
,,
,,
,,
,,
,,
,,